hts_code,source_code,category,month,general_imports_usd,consumption_imports_usd,general_ytd_usd,consumption_ytd_usd,census_last_update,scope_note
9406.10.0000,9406.00.4000,Prefabricated buildings of wood,2010-01,29636192,29636192,29636192,29636192,0,"Broad proxy category. It includes wooden prefabricated buildings other than saunas, so category totals must not be represented as sauna-only imports."
9406.10.0000,9406.00.4000,Prefabricated buildings of wood,2010-02,19891792,19891792,49527984,49527984,0,"Broad proxy category. It includes wooden prefabricated buildings other than saunas, so category totals must not be represented as sauna-only imports."
9406.10.0000,9406.00.4000,Prefabricated buildings of wood,2010-03,26501880,26501880,76029864,76029864,0,"Broad proxy category. It includes wooden prefabricated buildings other than saunas, so category totals must not be represented as sauna-only imports."
9406.10.0000,9406.00.4000,Prefabricated buildings of wood,2010-04,26625608,26625608,102655472,102655472,0,"Broad proxy category. It includes wooden prefabricated buildings other than saunas, so category totals must not be represented as sauna-only imports."
9406.10.0000,9406.00.4000,Prefabricated buildings of wood,2010-05,34645376,34645376,137300848,137300848,0,"Broad proxy category. It includes wooden prefabricated buildings other than saunas, so category totals must not be represented as sauna-only imports."
9406.10.0000,9406.00.4000,Prefabricated buildings of wood,2010-06,40577040,40577040,177877888,177877888,0,"Broad proxy category. It includes wooden prefabricated buildings other than saunas, so category totals must not be represented as sauna-only imports."
9406.10.0000,9406.00.4000,Prefabricated buildings of wood,2010-07,33574944,33574944,211452832,211452832,0,"Broad proxy category. It includes wooden prefabricated buildings other than saunas, so category totals must not be represented as sauna-only imports."
9406.10.0000,9406.00.4000,Prefabricated buildings of wood,2010-08,41842656,41842656,253295488,253295488,0,"Broad proxy category. It includes wooden prefabricated buildings other than saunas, so category totals must not be represented as sauna-only imports."
9406.10.0000,9406.00.4000,Prefabricated buildings of wood,2010-09,26301904,26301904,279597392,279597392,0,"Broad proxy category. It includes wooden prefabricated buildings other than saunas, so category totals must not be represented as sauna-only imports."
9406.10.0000,9406.00.4000,Prefabricated buildings of wood,2010-10,49323600,49323600,328920992,328920992,0,"Broad proxy category. It includes wooden prefabricated buildings other than saunas, so category totals must not be represented as sauna-only imports."
9406.10.0000,9406.00.4000,Prefabricated buildings of wood,2010-11,51128680,51128680,380049672,380049672,0,"Broad proxy category. It includes wooden prefabricated buildings other than saunas, so category totals must not be represented as sauna-only imports."
9406.10.0000,9406.00.4000,Prefabricated buildings of wood,2010-12,22275512,22275512,402325184,402325184,0,"Broad proxy category. It includes wooden prefabricated buildings other than saunas, so category totals must not be represented as sauna-only imports."
9406.10.0000,9406.00.4000,Prefabricated buildings of wood,2011-01,16490584,16490584,16490584,16490584,0,"Broad proxy category. It includes wooden prefabricated buildings other than saunas, so category totals must not be represented as sauna-only imports."
9406.10.0000,9406.00.4000,Prefabricated buildings of wood,2011-02,18678288,18678288,35168872,35168872,0,"Broad proxy category. It includes wooden prefabricated buildings other than saunas, so category totals must not be represented as sauna-only imports."
9406.10.0000,9406.00.4000,Prefabricated buildings of wood,2011-03,25618616,25618616,60787488,60787488,0,"Broad proxy category. It includes wooden prefabricated buildings other than saunas, so category totals must not be represented as sauna-only imports."
9406.10.0000,9406.00.4000,Prefabricated buildings of wood,2011-04,30288416,30288416,91075904,91075904,0,"Broad proxy category. It includes wooden prefabricated buildings other than saunas, so category totals must not be represented as sauna-only imports."
9406.10.0000,9406.00.4000,Prefabricated buildings of wood,2011-05,34432224,34432224,125508128,125508128,0,"Broad proxy category. It includes wooden prefabricated buildings other than saunas, so category totals must not be represented as sauna-only imports."
9406.10.0000,9406.00.4000,Prefabricated buildings of wood,2011-06,62890832,62890832,188398960,188398960,0,"Broad proxy category. It includes wooden prefabricated buildings other than saunas, so category totals must not be represented as sauna-only imports."
9406.10.0000,9406.00.4000,Prefabricated buildings of wood,2011-07,78587784,78587784,266986744,266986744,0,"Broad proxy category. It includes wooden prefabricated buildings other than saunas, so category totals must not be represented as sauna-only imports."
9406.10.0000,9406.00.4000,Prefabricated buildings of wood,2011-08,35998280,35998280,302985024,302985024,0,"Broad proxy category. It includes wooden prefabricated buildings other than saunas, so category totals must not be represented as sauna-only imports."
9406.10.0000,9406.00.4000,Prefabricated buildings of wood,2011-09,21386864,21386864,324371888,324371888,0,"Broad proxy category. It includes wooden prefabricated buildings other than saunas, so category totals must not be represented as sauna-only imports."
9406.10.0000,9406.00.4000,Prefabricated buildings of wood,2011-10,37035232,37035232,361407120,361407120,0,"Broad proxy category. It includes wooden prefabricated buildings other than saunas, so category totals must not be represented as sauna-only imports."
9406.10.0000,9406.00.4000,Prefabricated buildings of wood,2011-11,33126280,33126280,394533400,394533400,0,"Broad proxy category. It includes wooden prefabricated buildings other than saunas, so category totals must not be represented as sauna-only imports."
9406.10.0000,9406.00.4000,Prefabricated buildings of wood,2011-12,50319856,50319856,444853256,444853256,0,"Broad proxy category. It includes wooden prefabricated buildings other than saunas, so category totals must not be represented as sauna-only imports."
9406.10.0000,9406.00.4000,Prefabricated buildings of wood,2012-01,30279840,30279840,30279840,30279840,0,"Broad proxy category. It includes wooden prefabricated buildings other than saunas, so category totals must not be represented as sauna-only imports."
9406.10.0000,9406.00.4000,Prefabricated buildings of wood,2012-02,24278000,24278000,54557840,54557840,0,"Broad proxy category. It includes wooden prefabricated buildings other than saunas, so category totals must not be represented as sauna-only imports."
9406.10.0000,9406.00.4000,Prefabricated buildings of wood,2012-03,34016224,33700464,88574064,88258304,0,"Broad proxy category. It includes wooden prefabricated buildings other than saunas, so category totals must not be represented as sauna-only imports."
9406.10.0000,9406.00.4000,Prefabricated buildings of wood,2012-04,44438168,44438168,133012232,132696472,0,"Broad proxy category. It includes wooden prefabricated buildings other than saunas, so category totals must not be represented as sauna-only imports."
9406.10.0000,9406.00.4000,Prefabricated buildings of wood,2012-05,51780584,51780584,184792816,184477056,0,"Broad proxy category. It includes wooden prefabricated buildings other than saunas, so category totals must not be represented as sauna-only imports."
9406.10.0000,9406.00.4000,Prefabricated buildings of wood,2012-06,37379336,37379336,222172152,221856392,0,"Broad proxy category. It includes wooden prefabricated buildings other than saunas, so category totals must not be represented as sauna-only imports."
9406.10.0000,9406.00.4000,Prefabricated buildings of wood,2012-07,50776856,50776856,272949008,272633248,0,"Broad proxy category. It includes wooden prefabricated buildings other than saunas, so category totals must not be represented as sauna-only imports."
9406.10.0000,9406.00.4000,Prefabricated buildings of wood,2012-08,67462152,67462152,340411160,340095400,0,"Broad proxy category. It includes wooden prefabricated buildings other than saunas, so category totals must not be represented as sauna-only imports."
9406.10.0000,9406.00.4000,Prefabricated buildings of wood,2012-09,43134944,43134944,383546104,383230344,0,"Broad proxy category. It includes wooden prefabricated buildings other than saunas, so category totals must not be represented as sauna-only imports."
9406.10.0000,9406.00.4000,Prefabricated buildings of wood,2012-10,55945160,55945160,439491264,439175504,0,"Broad proxy category. It includes wooden prefabricated buildings other than saunas, so category totals must not be represented as sauna-only imports."
9406.10.0000,9406.00.4000,Prefabricated buildings of wood,2012-11,33261096,33261096,472752360,472436600,0,"Broad proxy category. It includes wooden prefabricated buildings other than saunas, so category totals must not be represented as sauna-only imports."
9406.10.0000,9406.00.4000,Prefabricated buildings of wood,2012-12,39876464,39876464,512628824,512313064,0,"Broad proxy category. It includes wooden prefabricated buildings other than saunas, so category totals must not be represented as sauna-only imports."
9406.10.0000,9406.00.4000,Prefabricated buildings of wood,2013-01,40844864,40844864,40844864,40844864,0,"Broad proxy category. It includes wooden prefabricated buildings other than saunas, so category totals must not be represented as sauna-only imports."
9406.10.0000,9406.00.4000,Prefabricated buildings of wood,2013-02,32900792,32900792,73745656,73745656,0,"Broad proxy category. It includes wooden prefabricated buildings other than saunas, so category totals must not be represented as sauna-only imports."
9406.10.0000,9406.00.4000,Prefabricated buildings of wood,2013-03,24040648,24040648,97786304,97786304,0,"Broad proxy category. It includes wooden prefabricated buildings other than saunas, so category totals must not be represented as sauna-only imports."
9406.10.0000,9406.00.4000,Prefabricated buildings of wood,2013-04,37870304,37870304,135656608,135656608,0,"Broad proxy category. It includes wooden prefabricated buildings other than saunas, so category totals must not be represented as sauna-only imports."
9406.10.0000,9406.00.4000,Prefabricated buildings of wood,2013-05,46815464,46815464,182472072,182472072,0,"Broad proxy category. It includes wooden prefabricated buildings other than saunas, so category totals must not be represented as sauna-only imports."
9406.10.0000,9406.00.4000,Prefabricated buildings of wood,2013-06,81402472,81402472,263874544,263874544,0,"Broad proxy category. It includes wooden prefabricated buildings other than saunas, so category totals must not be represented as sauna-only imports."
9406.10.0000,9406.00.4000,Prefabricated buildings of wood,2013-07,49738776,49738776,313613320,313613320,0,"Broad proxy category. It includes wooden prefabricated buildings other than saunas, so category totals must not be represented as sauna-only imports."
9406.10.0000,9406.00.4000,Prefabricated buildings of wood,2013-08,45214176,45214176,358827496,358827496,0,"Broad proxy category. It includes wooden prefabricated buildings other than saunas, so category totals must not be represented as sauna-only imports."
9406.10.0000,9406.00.4000,Prefabricated buildings of wood,2013-09,41465344,41465344,400292840,400292840,0,"Broad proxy category. It includes wooden prefabricated buildings other than saunas, so category totals must not be represented as sauna-only imports."
9406.10.0000,9406.00.4000,Prefabricated buildings of wood,2013-10,40515544,40515544,440808384,440808384,0,"Broad proxy category. It includes wooden prefabricated buildings other than saunas, so category totals must not be represented as sauna-only imports."
9406.10.0000,9406.00.4000,Prefabricated buildings of wood,2013-11,41808064,41808064,482616448,482616448,0,"Broad proxy category. It includes wooden prefabricated buildings other than saunas, so category totals must not be represented as sauna-only imports."
9406.10.0000,9406.00.4000,Prefabricated buildings of wood,2013-12,37994800,37994800,520611248,520611248,0,"Broad proxy category. It includes wooden prefabricated buildings other than saunas, so category totals must not be represented as sauna-only imports."
9406.10.0000,9406.00.4000,Prefabricated buildings of wood,2014-01,40701216,40701216,40701216,40701216,0,"Broad proxy category. It includes wooden prefabricated buildings other than saunas, so category totals must not be represented as sauna-only imports."
9406.10.0000,9406.00.4000,Prefabricated buildings of wood,2014-02,32588328,32588328,73289544,73289544,0,"Broad proxy category. It includes wooden prefabricated buildings other than saunas, so category totals must not be represented as sauna-only imports."
9406.10.0000,9406.00.4000,Prefabricated buildings of wood,2014-03,31467160,31467160,104756704,104756704,0,"Broad proxy category. It includes wooden prefabricated buildings other than saunas, so category totals must not be represented as sauna-only imports."
9406.10.0000,9406.00.4000,Prefabricated buildings of wood,2014-04,42670568,42670568,147427272,147427272,0,"Broad proxy category. It includes wooden prefabricated buildings other than saunas, so category totals must not be represented as sauna-only imports."
9406.10.0000,9406.00.4000,Prefabricated buildings of wood,2014-05,45892232,44695992,193319504,192123264,0,"Broad proxy category. It includes wooden prefabricated buildings other than saunas, so category totals must not be represented as sauna-only imports."
9406.10.0000,9406.00.4000,Prefabricated buildings of wood,2014-06,47421488,47421488,240740992,239544752,0,"Broad proxy category. It includes wooden prefabricated buildings other than saunas, so category totals must not be represented as sauna-only imports."
9406.10.0000,9406.00.4000,Prefabricated buildings of wood,2014-07,46713048,46713048,287454040,286257800,0,"Broad proxy category. It includes wooden prefabricated buildings other than saunas, so category totals must not be represented as sauna-only imports."
9406.10.0000,9406.00.4000,Prefabricated buildings of wood,2014-08,42475792,42475792,329929832,328733592,0,"Broad proxy category. It includes wooden prefabricated buildings other than saunas, so category totals must not be represented as sauna-only imports."
9406.10.0000,9406.00.4000,Prefabricated buildings of wood,2014-09,50222200,50222200,380152032,378955792,0,"Broad proxy category. It includes wooden prefabricated buildings other than saunas, so category totals must not be represented as sauna-only imports."
9406.10.0000,9406.00.4000,Prefabricated buildings of wood,2014-10,49099760,49099760,429251792,428055552,0,"Broad proxy category. It includes wooden prefabricated buildings other than saunas, so category totals must not be represented as sauna-only imports."
9406.10.0000,9406.00.4000,Prefabricated buildings of wood,2014-11,47241408,47241408,476493200,475296960,0,"Broad proxy category. It includes wooden prefabricated buildings other than saunas, so category totals must not be represented as sauna-only imports."
9406.10.0000,9406.00.4000,Prefabricated buildings of wood,2014-12,39134608,39134608,515627808,514431568,0,"Broad proxy category. It includes wooden prefabricated buildings other than saunas, so category totals must not be represented as sauna-only imports."
9406.10.0000,9406.00.4000,Prefabricated buildings of wood,2015-01,32832448,32832448,32832448,32832448,127,"Broad proxy category. It includes wooden prefabricated buildings other than saunas, so category totals must not be represented as sauna-only imports."
9406.10.0000,9406.00.4000,Prefabricated buildings of wood,2015-02,34347848,34347848,67180296,67180296,127,"Broad proxy category. It includes wooden prefabricated buildings other than saunas, so category totals must not be represented as sauna-only imports."
9406.10.0000,9406.00.4000,Prefabricated buildings of wood,2015-03,36830720,36830720,104011016,104011016,127,"Broad proxy category. It includes wooden prefabricated buildings other than saunas, so category totals must not be represented as sauna-only imports."
9406.10.0000,9406.00.4000,Prefabricated buildings of wood,2015-04,39593040,39593040,143604056,143604056,127,"Broad proxy category. It includes wooden prefabricated buildings other than saunas, so category totals must not be represented as sauna-only imports."
9406.10.0000,9406.00.4000,Prefabricated buildings of wood,2015-05,35497344,35497344,179101400,179101400,127,"Broad proxy category. It includes wooden prefabricated buildings other than saunas, so category totals must not be represented as sauna-only imports."
9406.10.0000,9406.00.4000,Prefabricated buildings of wood,2015-06,44434544,44434544,223535944,223535944,127,"Broad proxy category. It includes wooden prefabricated buildings other than saunas, so category totals must not be represented as sauna-only imports."
9406.10.0000,9406.00.4000,Prefabricated buildings of wood,2015-07,48091672,48091672,271627616,271627616,127,"Broad proxy category. It includes wooden prefabricated buildings other than saunas, so category totals must not be represented as sauna-only imports."
9406.10.0000,9406.00.4000,Prefabricated buildings of wood,2015-08,55757808,55757808,327385424,327385424,127,"Broad proxy category. It includes wooden prefabricated buildings other than saunas, so category totals must not be represented as sauna-only imports."
9406.10.0000,9406.00.4000,Prefabricated buildings of wood,2015-09,61051112,61051112,388436536,388436536,127,"Broad proxy category. It includes wooden prefabricated buildings other than saunas, so category totals must not be represented as sauna-only imports."
9406.10.0000,9406.00.4000,Prefabricated buildings of wood,2015-10,50889656,48587240,439326192,437023776,127,"Broad proxy category. It includes wooden prefabricated buildings other than saunas, so category totals must not be represented as sauna-only imports."
9406.10.0000,9406.00.4000,Prefabricated buildings of wood,2015-11,45874416,43241968,485200608,480265744,127,"Broad proxy category. It includes wooden prefabricated buildings other than saunas, so category totals must not be represented as sauna-only imports."
9406.10.0000,9406.00.4000,Prefabricated buildings of wood,2015-12,48226216,45691640,533426824,525957384,127,"Broad proxy category. It includes wooden prefabricated buildings other than saunas, so category totals must not be represented as sauna-only imports."
9406.10.0000,9406.00.4000,Prefabricated buildings of wood,2016-01,38472904,38046648,38472904,38046648,0,"Broad proxy category. It includes wooden prefabricated buildings other than saunas, so category totals must not be represented as sauna-only imports."
9406.10.0000,9406.00.4000,Prefabricated buildings of wood,2016-02,40836976,40794216,79309880,78840864,0,"Broad proxy category. It includes wooden prefabricated buildings other than saunas, so category totals must not be represented as sauna-only imports."
9406.10.0000,9406.00.4000,Prefabricated buildings of wood,2016-03,41088592,41088592,120398472,119929456,0,"Broad proxy category. It includes wooden prefabricated buildings other than saunas, so category totals must not be represented as sauna-only imports."
9406.10.0000,9406.00.4000,Prefabricated buildings of wood,2016-04,49440328,49440328,169838800,169369784,0,"Broad proxy category. It includes wooden prefabricated buildings other than saunas, so category totals must not be represented as sauna-only imports."
9406.10.0000,9406.00.4000,Prefabricated buildings of wood,2016-05,51916728,51904968,221755528,221274752,0,"Broad proxy category. It includes wooden prefabricated buildings other than saunas, so category totals must not be represented as sauna-only imports."
9406.10.0000,9406.00.4000,Prefabricated buildings of wood,2016-06,47203512,47203512,268959040,268478264,0,"Broad proxy category. It includes wooden prefabricated buildings other than saunas, so category totals must not be represented as sauna-only imports."
9406.10.0000,9406.00.4000,Prefabricated buildings of wood,2016-07,75307848,75307848,344266888,343786112,0,"Broad proxy category. It includes wooden prefabricated buildings other than saunas, so category totals must not be represented as sauna-only imports."
9406.10.0000,9406.00.4000,Prefabricated buildings of wood,2016-08,75807504,75807504,420074392,419593616,0,"Broad proxy category. It includes wooden prefabricated buildings other than saunas, so category totals must not be represented as sauna-only imports."
9406.10.0000,9406.00.4000,Prefabricated buildings of wood,2016-09,73777504,73777504,493851896,493371120,0,"Broad proxy category. It includes wooden prefabricated buildings other than saunas, so category totals must not be represented as sauna-only imports."
9406.10.0000,9406.00.4000,Prefabricated buildings of wood,2016-10,84024464,84024464,577876360,577395584,0,"Broad proxy category. It includes wooden prefabricated buildings other than saunas, so category totals must not be represented as sauna-only imports."
9406.10.0000,9406.00.4000,Prefabricated buildings of wood,2016-11,63151216,63151216,641027576,640546800,0,"Broad proxy category. It includes wooden prefabricated buildings other than saunas, so category totals must not be represented as sauna-only imports."
9406.10.0000,9406.00.4000,Prefabricated buildings of wood,2016-12,77204976,77204976,718232552,717751776,0,"Broad proxy category. It includes wooden prefabricated buildings other than saunas, so category totals must not be represented as sauna-only imports."
9406.10.0000,9406.10.0000,Prefabricated buildings of wood,2017-01,74280424,74280424,74280424,74280424,0,"Broad proxy category. It includes wooden prefabricated buildings other than saunas, so category totals must not be represented as sauna-only imports."
9406.10.0000,9406.10.0000,Prefabricated buildings of wood,2017-02,37684272,37684272,111964696,111964696,0,"Broad proxy category. It includes wooden prefabricated buildings other than saunas, so category totals must not be represented as sauna-only imports."
9406.10.0000,9406.10.0000,Prefabricated buildings of wood,2017-03,47244112,47244112,159208808,159208808,0,"Broad proxy category. It includes wooden prefabricated buildings other than saunas, so category totals must not be represented as sauna-only imports."
9406.10.0000,9406.10.0000,Prefabricated buildings of wood,2017-04,47081616,47081616,206290424,206290424,0,"Broad proxy category. It includes wooden prefabricated buildings other than saunas, so category totals must not be represented as sauna-only imports."
9406.10.0000,9406.10.0000,Prefabricated buildings of wood,2017-05,60179768,60179768,266470192,266470192,0,"Broad proxy category. It includes wooden prefabricated buildings other than saunas, so category totals must not be represented as sauna-only imports."
9406.10.0000,9406.10.0000,Prefabricated buildings of wood,2017-06,73376296,73376296,339846488,339846488,0,"Broad proxy category. It includes wooden prefabricated buildings other than saunas, so category totals must not be represented as sauna-only imports."
9406.10.0000,9406.10.0000,Prefabricated buildings of wood,2017-07,95836120,95836120,435682608,435682608,0,"Broad proxy category. It includes wooden prefabricated buildings other than saunas, so category totals must not be represented as sauna-only imports."
9406.10.0000,9406.10.0000,Prefabricated buildings of wood,2017-08,95454336,95454336,531136944,531136944,0,"Broad proxy category. It includes wooden prefabricated buildings other than saunas, so category totals must not be represented as sauna-only imports."
9406.10.0000,9406.10.0000,Prefabricated buildings of wood,2017-09,78492056,78492056,609629000,609629000,0,"Broad proxy category. It includes wooden prefabricated buildings other than saunas, so category totals must not be represented as sauna-only imports."
9406.10.0000,9406.10.0000,Prefabricated buildings of wood,2017-10,81130184,81130184,690759184,690759184,0,"Broad proxy category. It includes wooden prefabricated buildings other than saunas, so category totals must not be represented as sauna-only imports."
9406.10.0000,9406.10.0000,Prefabricated buildings of wood,2017-11,72910776,72910776,763669960,763669960,0,"Broad proxy category. It includes wooden prefabricated buildings other than saunas, so category totals must not be represented as sauna-only imports."
9406.10.0000,9406.10.0000,Prefabricated buildings of wood,2017-12,70160048,70160048,833830008,833830008,0,"Broad proxy category. It includes wooden prefabricated buildings other than saunas, so category totals must not be represented as sauna-only imports."
9406.10.0000,9406.10.0000,Prefabricated buildings of wood,2018-01,74903800,74903800,74903800,74903800,0,"Broad proxy category. It includes wooden prefabricated buildings other than saunas, so category totals must not be represented as sauna-only imports."
9406.10.0000,9406.10.0000,Prefabricated buildings of wood,2018-02,68410936,68410936,143314736,143314736,0,"Broad proxy category. It includes wooden prefabricated buildings other than saunas, so category totals must not be represented as sauna-only imports."
9406.10.0000,9406.10.0000,Prefabricated buildings of wood,2018-03,59363328,59363328,202678064,202678064,0,"Broad proxy category. It includes wooden prefabricated buildings other than saunas, so category totals must not be represented as sauna-only imports."
9406.10.0000,9406.10.0000,Prefabricated buildings of wood,2018-04,71229304,71229304,273907368,273907368,0,"Broad proxy category. It includes wooden prefabricated buildings other than saunas, so category totals must not be represented as sauna-only imports."
9406.10.0000,9406.10.0000,Prefabricated buildings of wood,2018-05,87230680,87230680,361138048,361138048,0,"Broad proxy category. It includes wooden prefabricated buildings other than saunas, so category totals must not be represented as sauna-only imports."
9406.10.0000,9406.10.0000,Prefabricated buildings of wood,2018-06,89263192,89263192,450401240,450401240,0,"Broad proxy category. It includes wooden prefabricated buildings other than saunas, so category totals must not be represented as sauna-only imports."
9406.10.0000,9406.10.0000,Prefabricated buildings of wood,2018-07,86458416,86458416,536859656,536859656,0,"Broad proxy category. It includes wooden prefabricated buildings other than saunas, so category totals must not be represented as sauna-only imports."
9406.10.0000,9406.10.0000,Prefabricated buildings of wood,2018-08,78406320,78406320,615265976,615265976,0,"Broad proxy category. It includes wooden prefabricated buildings other than saunas, so category totals must not be represented as sauna-only imports."
9406.10.0000,9406.10.0000,Prefabricated buildings of wood,2018-09,58104432,58104432,673370408,673370408,0,"Broad proxy category. It includes wooden prefabricated buildings other than saunas, so category totals must not be represented as sauna-only imports."
9406.10.0000,9406.10.0000,Prefabricated buildings of wood,2018-10,70645920,70645920,744016328,744016328,0,"Broad proxy category. It includes wooden prefabricated buildings other than saunas, so category totals must not be represented as sauna-only imports."
9406.10.0000,9406.10.0000,Prefabricated buildings of wood,2018-11,73384272,73384272,817400600,817400600,0,"Broad proxy category. It includes wooden prefabricated buildings other than saunas, so category totals must not be represented as sauna-only imports."
9406.10.0000,9406.10.0000,Prefabricated buildings of wood,2018-12,85246680,85246680,902647280,902647280,0,"Broad proxy category. It includes wooden prefabricated buildings other than saunas, so category totals must not be represented as sauna-only imports."
9406.10.0000,9406.10.0000,Prefabricated buildings of wood,2019-01,109736704,109736704,109736704,109736704,0,"Broad proxy category. It includes wooden prefabricated buildings other than saunas, so category totals must not be represented as sauna-only imports."
9406.10.0000,9406.10.0000,Prefabricated buildings of wood,2019-02,143211248,143211248,252947952,252947952,0,"Broad proxy category. It includes wooden prefabricated buildings other than saunas, so category totals must not be represented as sauna-only imports."
9406.10.0000,9406.10.0000,Prefabricated buildings of wood,2019-03,116257328,116257328,369205280,369205280,0,"Broad proxy category. It includes wooden prefabricated buildings other than saunas, so category totals must not be represented as sauna-only imports."
9406.10.0000,9406.10.0000,Prefabricated buildings of wood,2019-04,71708248,71708248,440913528,440913528,0,"Broad proxy category. It includes wooden prefabricated buildings other than saunas, so category totals must not be represented as sauna-only imports."
9406.10.0000,9406.10.0000,Prefabricated buildings of wood,2019-05,136895416,136895416,577808944,577808944,0,"Broad proxy category. It includes wooden prefabricated buildings other than saunas, so category totals must not be represented as sauna-only imports."
9406.10.0000,9406.10.0000,Prefabricated buildings of wood,2019-06,73872928,73872928,651681872,651681872,0,"Broad proxy category. It includes wooden prefabricated buildings other than saunas, so category totals must not be represented as sauna-only imports."
9406.10.0000,9406.10.0000,Prefabricated buildings of wood,2019-07,95598544,95598544,747280416,747280416,0,"Broad proxy category. It includes wooden prefabricated buildings other than saunas, so category totals must not be represented as sauna-only imports."
9406.10.0000,9406.10.0000,Prefabricated buildings of wood,2019-08,58914312,58914312,806194728,806194728,0,"Broad proxy category. It includes wooden prefabricated buildings other than saunas, so category totals must not be represented as sauna-only imports."
9406.10.0000,9406.10.0000,Prefabricated buildings of wood,2019-09,86524080,86524080,892718808,892718808,0,"Broad proxy category. It includes wooden prefabricated buildings other than saunas, so category totals must not be represented as sauna-only imports."
9406.10.0000,9406.10.0000,Prefabricated buildings of wood,2019-10,97075608,97075608,989794416,989794416,0,"Broad proxy category. It includes wooden prefabricated buildings other than saunas, so category totals must not be represented as sauna-only imports."
9406.10.0000,9406.10.0000,Prefabricated buildings of wood,2019-11,75335896,75335896,1065130312,1065130312,0,"Broad proxy category. It includes wooden prefabricated buildings other than saunas, so category totals must not be represented as sauna-only imports."
9406.10.0000,9406.10.0000,Prefabricated buildings of wood,2019-12,65194424,65194424,1130324736,1130324736,0,"Broad proxy category. It includes wooden prefabricated buildings other than saunas, so category totals must not be represented as sauna-only imports."
9406.10.0000,9406.10.0000,Prefabricated buildings of wood,2020-01,59537952,59537952,59537952,59537952,0,"Broad proxy category. It includes wooden prefabricated buildings other than saunas, so category totals must not be represented as sauna-only imports."
9406.10.0000,9406.10.0000,Prefabricated buildings of wood,2020-02,57447088,57447088,116985040,116985040,0,"Broad proxy category. It includes wooden prefabricated buildings other than saunas, so category totals must not be represented as sauna-only imports."
9406.10.0000,9406.10.0000,Prefabricated buildings of wood,2020-03,49755496,49755496,166740536,166740536,0,"Broad proxy category. It includes wooden prefabricated buildings other than saunas, so category totals must not be represented as sauna-only imports."
9406.10.0000,9406.10.0000,Prefabricated buildings of wood,2020-04,42574256,42574256,209314792,209314792,0,"Broad proxy category. It includes wooden prefabricated buildings other than saunas, so category totals must not be represented as sauna-only imports."
9406.10.0000,9406.10.0000,Prefabricated buildings of wood,2020-05,52333704,52333704,261648496,261648496,0,"Broad proxy category. It includes wooden prefabricated buildings other than saunas, so category totals must not be represented as sauna-only imports."
9406.10.0000,9406.10.0000,Prefabricated buildings of wood,2020-06,70692256,70692256,332340752,332340752,0,"Broad proxy category. It includes wooden prefabricated buildings other than saunas, so category totals must not be represented as sauna-only imports."
9406.10.0000,9406.10.0000,Prefabricated buildings of wood,2020-07,86308976,86308976,418649728,418649728,0,"Broad proxy category. It includes wooden prefabricated buildings other than saunas, so category totals must not be represented as sauna-only imports."
9406.10.0000,9406.10.0000,Prefabricated buildings of wood,2020-08,85873768,85873768,504523496,504523496,0,"Broad proxy category. It includes wooden prefabricated buildings other than saunas, so category totals must not be represented as sauna-only imports."
9406.10.0000,9406.10.0000,Prefabricated buildings of wood,2020-09,85262808,85262808,589786304,589786304,0,"Broad proxy category. It includes wooden prefabricated buildings other than saunas, so category totals must not be represented as sauna-only imports."
9406.10.0000,9406.10.0000,Prefabricated buildings of wood,2020-10,122473552,122473552,712259856,712259856,0,"Broad proxy category. It includes wooden prefabricated buildings other than saunas, so category totals must not be represented as sauna-only imports."
9406.10.0000,9406.10.0000,Prefabricated buildings of wood,2020-11,86386568,86386568,798646424,798646424,0,"Broad proxy category. It includes wooden prefabricated buildings other than saunas, so category totals must not be represented as sauna-only imports."
9406.10.0000,9406.10.0000,Prefabricated buildings of wood,2020-12,93053976,93053976,891700400,891700400,0,"Broad proxy category. It includes wooden prefabricated buildings other than saunas, so category totals must not be represented as sauna-only imports."
9406.10.0000,9406.10.0000,Prefabricated buildings of wood,2021-01,92216496,92216496,92216496,92216496,0,"Broad proxy category. It includes wooden prefabricated buildings other than saunas, so category totals must not be represented as sauna-only imports."
9406.10.0000,9406.10.0000,Prefabricated buildings of wood,2021-02,106798320,106798320,199014816,199014816,0,"Broad proxy category. It includes wooden prefabricated buildings other than saunas, so category totals must not be represented as sauna-only imports."
9406.10.0000,9406.10.0000,Prefabricated buildings of wood,2021-03,96319880,96319880,295334696,295334696,0,"Broad proxy category. It includes wooden prefabricated buildings other than saunas, so category totals must not be represented as sauna-only imports."
9406.10.0000,9406.10.0000,Prefabricated buildings of wood,2021-04,111023192,111023192,406357888,406357888,0,"Broad proxy category. It includes wooden prefabricated buildings other than saunas, so category totals must not be represented as sauna-only imports."
9406.10.0000,9406.10.0000,Prefabricated buildings of wood,2021-05,121451120,121451120,527809008,527809008,0,"Broad proxy category. It includes wooden prefabricated buildings other than saunas, so category totals must not be represented as sauna-only imports."
9406.10.0000,9406.10.0000,Prefabricated buildings of wood,2021-06,105878392,105878392,633687400,633687400,0,"Broad proxy category. It includes wooden prefabricated buildings other than saunas, so category totals must not be represented as sauna-only imports."
9406.10.0000,9406.10.0000,Prefabricated buildings of wood,2021-07,97314288,97314288,731001688,731001688,0,"Broad proxy category. It includes wooden prefabricated buildings other than saunas, so category totals must not be represented as sauna-only imports."
9406.10.0000,9406.10.0000,Prefabricated buildings of wood,2021-08,91731200,91731200,822732888,822732888,0,"Broad proxy category. It includes wooden prefabricated buildings other than saunas, so category totals must not be represented as sauna-only imports."
9406.10.0000,9406.10.0000,Prefabricated buildings of wood,2021-09,94008032,94008032,916740920,916740920,0,"Broad proxy category. It includes wooden prefabricated buildings other than saunas, so category totals must not be represented as sauna-only imports."
9406.10.0000,9406.10.0000,Prefabricated buildings of wood,2021-10,106483048,106483048,1023223968,1023223968,0,"Broad proxy category. It includes wooden prefabricated buildings other than saunas, so category totals must not be represented as sauna-only imports."
9406.10.0000,9406.10.0000,Prefabricated buildings of wood,2021-11,112056000,112056000,1135279968,1135279968,0,"Broad proxy category. It includes wooden prefabricated buildings other than saunas, so category totals must not be represented as sauna-only imports."
9406.10.0000,9406.10.0000,Prefabricated buildings of wood,2021-12,93338160,93338160,1228618128,1228618128,0,"Broad proxy category. It includes wooden prefabricated buildings other than saunas, so category totals must not be represented as sauna-only imports."
9406.10.0000,9406.10.0000,Prefabricated buildings of wood,2022-01,112143096,112143096,112143096,112143096,0,"Broad proxy category. It includes wooden prefabricated buildings other than saunas, so category totals must not be represented as sauna-only imports."
9406.10.0000,9406.10.0000,Prefabricated buildings of wood,2022-02,88272936,88272936,200416032,200416032,0,"Broad proxy category. It includes wooden prefabricated buildings other than saunas, so category totals must not be represented as sauna-only imports."
9406.10.0000,9406.10.0000,Prefabricated buildings of wood,2022-03,142819384,142819384,343235416,343235416,0,"Broad proxy category. It includes wooden prefabricated buildings other than saunas, so category totals must not be represented as sauna-only imports."
9406.10.0000,9406.10.0000,Prefabricated buildings of wood,2022-04,131625976,131625976,474861392,474861392,0,"Broad proxy category. It includes wooden prefabricated buildings other than saunas, so category totals must not be represented as sauna-only imports."
9406.10.0000,9406.10.0000,Prefabricated buildings of wood,2022-05,128882448,128882448,603743840,603743840,0,"Broad proxy category. It includes wooden prefabricated buildings other than saunas, so category totals must not be represented as sauna-only imports."
9406.10.0000,9406.10.0000,Prefabricated buildings of wood,2022-06,146327128,146327128,750070968,750070968,0,"Broad proxy category. It includes wooden prefabricated buildings other than saunas, so category totals must not be represented as sauna-only imports."
9406.10.0000,9406.10.0000,Prefabricated buildings of wood,2022-07,159919240,159919240,909990208,909990208,0,"Broad proxy category. It includes wooden prefabricated buildings other than saunas, so category totals must not be represented as sauna-only imports."
9406.10.0000,9406.10.0000,Prefabricated buildings of wood,2022-08,157123368,157123368,1067113576,1067113576,0,"Broad proxy category. It includes wooden prefabricated buildings other than saunas, so category totals must not be represented as sauna-only imports."
9406.10.0000,9406.10.0000,Prefabricated buildings of wood,2022-09,161259032,161259032,1228372608,1228372608,0,"Broad proxy category. It includes wooden prefabricated buildings other than saunas, so category totals must not be represented as sauna-only imports."
9406.10.0000,9406.10.0000,Prefabricated buildings of wood,2022-10,149073736,149073736,1377446344,1377446344,0,"Broad proxy category. It includes wooden prefabricated buildings other than saunas, so category totals must not be represented as sauna-only imports."
9406.10.0000,9406.10.0000,Prefabricated buildings of wood,2022-11,156183168,156183168,1533629512,1533629512,0,"Broad proxy category. It includes wooden prefabricated buildings other than saunas, so category totals must not be represented as sauna-only imports."
9406.10.0000,9406.10.0000,Prefabricated buildings of wood,2022-12,135683800,135683800,1669313312,1669313312,0,"Broad proxy category. It includes wooden prefabricated buildings other than saunas, so category totals must not be represented as sauna-only imports."
9406.10.0000,9406.10.0000,Prefabricated buildings of wood,2023-01,128439096,128439096,128439096,128439096,0,"Broad proxy category. It includes wooden prefabricated buildings other than saunas, so category totals must not be represented as sauna-only imports."
9406.10.0000,9406.10.0000,Prefabricated buildings of wood,2023-02,86423760,86423760,214862856,214862856,0,"Broad proxy category. It includes wooden prefabricated buildings other than saunas, so category totals must not be represented as sauna-only imports."
9406.10.0000,9406.10.0000,Prefabricated buildings of wood,2023-03,113086144,113086144,327949000,327949000,0,"Broad proxy category. It includes wooden prefabricated buildings other than saunas, so category totals must not be represented as sauna-only imports."
9406.10.0000,9406.10.0000,Prefabricated buildings of wood,2023-04,137863192,137863192,465812192,465812192,0,"Broad proxy category. It includes wooden prefabricated buildings other than saunas, so category totals must not be represented as sauna-only imports."
9406.10.0000,9406.10.0000,Prefabricated buildings of wood,2023-05,220036656,220036656,685848848,685848848,0,"Broad proxy category. It includes wooden prefabricated buildings other than saunas, so category totals must not be represented as sauna-only imports."
9406.10.0000,9406.10.0000,Prefabricated buildings of wood,2023-06,228348064,228348064,914196912,914196912,0,"Broad proxy category. It includes wooden prefabricated buildings other than saunas, so category totals must not be represented as sauna-only imports."
9406.10.0000,9406.10.0000,Prefabricated buildings of wood,2023-07,219273560,219273560,1133470472,1133470472,0,"Broad proxy category. It includes wooden prefabricated buildings other than saunas, so category totals must not be represented as sauna-only imports."
9406.10.0000,9406.10.0000,Prefabricated buildings of wood,2023-08,158120600,158120600,1291591072,1291591072,0,"Broad proxy category. It includes wooden prefabricated buildings other than saunas, so category totals must not be represented as sauna-only imports."
9406.10.0000,9406.10.0000,Prefabricated buildings of wood,2023-09,114682744,114682744,1406273816,1406273816,0,"Broad proxy category. It includes wooden prefabricated buildings other than saunas, so category totals must not be represented as sauna-only imports."
9406.10.0000,9406.10.0000,Prefabricated buildings of wood,2023-10,150096312,150096312,1556370128,1556370128,0,"Broad proxy category. It includes wooden prefabricated buildings other than saunas, so category totals must not be represented as sauna-only imports."
9406.10.0000,9406.10.0000,Prefabricated buildings of wood,2023-11,177604704,177604704,1733974832,1733974832,0,"Broad proxy category. It includes wooden prefabricated buildings other than saunas, so category totals must not be represented as sauna-only imports."
9406.10.0000,9406.10.0000,Prefabricated buildings of wood,2023-12,149478888,149478888,1883453720,1883453720,0,"Broad proxy category. It includes wooden prefabricated buildings other than saunas, so category totals must not be represented as sauna-only imports."
9406.10.0000,9406.10.0000,Prefabricated buildings of wood,2024-01,168945512,168945512,168945512,168945512,0,"Broad proxy category. It includes wooden prefabricated buildings other than saunas, so category totals must not be represented as sauna-only imports."
9406.10.0000,9406.10.0000,Prefabricated buildings of wood,2024-02,172173600,172173600,341119112,341119112,0,"Broad proxy category. It includes wooden prefabricated buildings other than saunas, so category totals must not be represented as sauna-only imports."
9406.10.0000,9406.10.0000,Prefabricated buildings of wood,2024-03,139389216,139389216,480508328,480508328,0,"Broad proxy category. It includes wooden prefabricated buildings other than saunas, so category totals must not be represented as sauna-only imports."
9406.10.0000,9406.10.0000,Prefabricated buildings of wood,2024-04,111316304,111316304,591824632,591824632,0,"Broad proxy category. It includes wooden prefabricated buildings other than saunas, so category totals must not be represented as sauna-only imports."
9406.10.0000,9406.10.0000,Prefabricated buildings of wood,2024-05,126766640,126766640,718591272,718591272,0,"Broad proxy category. It includes wooden prefabricated buildings other than saunas, so category totals must not be represented as sauna-only imports."
9406.10.0000,9406.10.0000,Prefabricated buildings of wood,2024-06,132097824,132097824,850689096,850689096,0,"Broad proxy category. It includes wooden prefabricated buildings other than saunas, so category totals must not be represented as sauna-only imports."
9406.10.0000,9406.10.0000,Prefabricated buildings of wood,2024-07,163475848,163475848,1014164944,1014164944,0,"Broad proxy category. It includes wooden prefabricated buildings other than saunas, so category totals must not be represented as sauna-only imports."
9406.10.0000,9406.10.0000,Prefabricated buildings of wood,2024-08,165146720,165146720,1179311664,1179311664,0,"Broad proxy category. It includes wooden prefabricated buildings other than saunas, so category totals must not be represented as sauna-only imports."
9406.10.0000,9406.10.0000,Prefabricated buildings of wood,2024-09,165554904,165554904,1344866568,1344866568,0,"Broad proxy category. It includes wooden prefabricated buildings other than saunas, so category totals must not be represented as sauna-only imports."
9406.10.0000,9406.10.0000,Prefabricated buildings of wood,2024-10,225268256,225268256,1570134824,1570134824,0,"Broad proxy category. It includes wooden prefabricated buildings other than saunas, so category totals must not be represented as sauna-only imports."
9406.10.0000,9406.10.0000,Prefabricated buildings of wood,2024-11,172728952,172728952,1742863776,1742863776,0,"Broad proxy category. It includes wooden prefabricated buildings other than saunas, so category totals must not be represented as sauna-only imports."
9406.10.0000,9406.10.0000,Prefabricated buildings of wood,2024-12,151639616,151639616,1894503392,1894503392,0,"Broad proxy category. It includes wooden prefabricated buildings other than saunas, so category totals must not be represented as sauna-only imports."
9406.10.0000,9406.10.0000,Prefabricated buildings of wood,2025-01,150859048,150859048,150859048,150859048,0,"Broad proxy category. It includes wooden prefabricated buildings other than saunas, so category totals must not be represented as sauna-only imports."
9406.10.0000,9406.10.0000,Prefabricated buildings of wood,2025-02,172731816,172731816,323590864,323590864,0,"Broad proxy category. It includes wooden prefabricated buildings other than saunas, so category totals must not be represented as sauna-only imports."
9406.10.0000,9406.10.0000,Prefabricated buildings of wood,2025-03,196758208,196758208,520349072,520349072,0,"Broad proxy category. It includes wooden prefabricated buildings other than saunas, so category totals must not be represented as sauna-only imports."
9406.10.0000,9406.10.0000,Prefabricated buildings of wood,2025-04,153705696,153705696,674054768,674054768,0,"Broad proxy category. It includes wooden prefabricated buildings other than saunas, so category totals must not be represented as sauna-only imports."
9406.10.0000,9406.10.0000,Prefabricated buildings of wood,2025-05,162824128,162824128,836878896,836878896,0,"Broad proxy category. It includes wooden prefabricated buildings other than saunas, so category totals must not be represented as sauna-only imports."
9406.10.0000,9406.10.0000,Prefabricated buildings of wood,2025-06,185519416,185519416,1022398312,1022398312,0,"Broad proxy category. It includes wooden prefabricated buildings other than saunas, so category totals must not be represented as sauna-only imports."
9406.10.0000,9406.10.0000,Prefabricated buildings of wood,2025-07,179963008,179963008,1202361320,1202361320,0,"Broad proxy category. It includes wooden prefabricated buildings other than saunas, so category totals must not be represented as sauna-only imports."
9406.10.0000,9406.10.0000,Prefabricated buildings of wood,2025-08,204239824,204239824,1406601144,1406601144,0,"Broad proxy category. It includes wooden prefabricated buildings other than saunas, so category totals must not be represented as sauna-only imports."
9406.10.0000,9406.10.0000,Prefabricated buildings of wood,2025-09,176263488,176263488,1582864632,1582864632,0,"Broad proxy category. It includes wooden prefabricated buildings other than saunas, so category totals must not be represented as sauna-only imports."
9406.10.0000,9406.10.0000,Prefabricated buildings of wood,2025-10,216130944,216130944,1798995576,1798995576,0,"Broad proxy category. It includes wooden prefabricated buildings other than saunas, so category totals must not be represented as sauna-only imports."
9406.10.0000,9406.10.0000,Prefabricated buildings of wood,2025-11,128484352,128484352,1927479928,1927479928,0,"Broad proxy category. It includes wooden prefabricated buildings other than saunas, so category totals must not be represented as sauna-only imports."
9406.10.0000,9406.10.0000,Prefabricated buildings of wood,2025-12,137415224,137415224,2064895152,2064895152,0,"Broad proxy category. It includes wooden prefabricated buildings other than saunas, so category totals must not be represented as sauna-only imports."
9406.10.0000,9406.10.0000,Prefabricated buildings of wood,2026-01,154782120,154782120,154782120,154782120,0,"Broad proxy category. It includes wooden prefabricated buildings other than saunas, so category totals must not be represented as sauna-only imports."
9406.10.0000,9406.10.0000,Prefabricated buildings of wood,2026-02,170409864,170409864,325191984,325191984,0,"Broad proxy category. It includes wooden prefabricated buildings other than saunas, so category totals must not be represented as sauna-only imports."
9406.10.0000,9406.10.0000,Prefabricated buildings of wood,2026-03,181858272,181858272,507050256,507050256,0,"Broad proxy category. It includes wooden prefabricated buildings other than saunas, so category totals must not be represented as sauna-only imports."
9406.10.0000,9406.10.0000,Prefabricated buildings of wood,2026-04,177780272,177780272,684830528,684830528,0,"Broad proxy category. It includes wooden prefabricated buildings other than saunas, so category totals must not be represented as sauna-only imports."
9406.10.0000,9406.10.0000,Prefabricated buildings of wood,2026-05,254658592,254658592,939489120,939489120,0,"Broad proxy category. It includes wooden prefabricated buildings other than saunas, so category totals must not be represented as sauna-only imports."
9406.10.0000,9406.10.0000,Prefabricated buildings of wood,2026-06,192503640,192503640,1131992760,1131992760,0,"Broad proxy category. It includes wooden prefabricated buildings other than saunas, so category totals must not be represented as sauna-only imports."
9406.10.0000,9406.10.0000,Prefabricated buildings of wood,2026-07,212474776,212474776,1344467536,1344467536,0,"Broad proxy category. It includes wooden prefabricated buildings other than saunas, so category totals must not be represented as sauna-only imports."
8516.29.0090,8516.29.0090,Other electric space heating apparatus,2010-01,105281560,105281560,105281560,105281560,0,Broad proxy category. It includes electric space-heating equipment other than sauna heaters.
8516.29.0090,8516.29.0090,Other electric space heating apparatus,2010-02,92055264,92055264,197336824,197336824,0,Broad proxy category. It includes electric space-heating equipment other than sauna heaters.
8516.29.0090,8516.29.0090,Other electric space heating apparatus,2010-03,82343808,82343808,279680632,279680632,0,Broad proxy category. It includes electric space-heating equipment other than sauna heaters.
8516.29.0090,8516.29.0090,Other electric space heating apparatus,2010-04,63445064,63445064,343125696,343125696,0,Broad proxy category. It includes electric space-heating equipment other than sauna heaters.
8516.29.0090,8516.29.0090,Other electric space heating apparatus,2010-05,60395752,60546616,403521448,403672312,0,Broad proxy category. It includes electric space-heating equipment other than sauna heaters.
8516.29.0090,8516.29.0090,Other electric space heating apparatus,2010-06,63147944,62872728,466669392,466545040,0,Broad proxy category. It includes electric space-heating equipment other than sauna heaters.
8516.29.0090,8516.29.0090,Other electric space heating apparatus,2010-07,160955376,159216168,627624768,625761208,0,Broad proxy category. It includes electric space-heating equipment other than sauna heaters.
8516.29.0090,8516.29.0090,Other electric space heating apparatus,2010-08,252156544,250083336,879781312,875844544,0,Broad proxy category. It includes electric space-heating equipment other than sauna heaters.
8516.29.0090,8516.29.0090,Other electric space heating apparatus,2010-09,268608280,267660904,1148389592,1143505448,0,Broad proxy category. It includes electric space-heating equipment other than sauna heaters.
8516.29.0090,8516.29.0090,Other electric space heating apparatus,2010-10,270965872,269859864,1419355464,1413365312,0,Broad proxy category. It includes electric space-heating equipment other than sauna heaters.
8516.29.0090,8516.29.0090,Other electric space heating apparatus,2010-11,201747440,200033672,1621102904,1613398984,0,Broad proxy category. It includes electric space-heating equipment other than sauna heaters.
8516.29.0090,8516.29.0090,Other electric space heating apparatus,2010-12,199028608,198522144,1820131512,1811921128,0,Broad proxy category. It includes electric space-heating equipment other than sauna heaters.
8516.29.0090,8516.29.0090,Other electric space heating apparatus,2011-01,146880760,145794248,146880760,145794248,0,Broad proxy category. It includes electric space-heating equipment other than sauna heaters.
8516.29.0090,8516.29.0090,Other electric space heating apparatus,2011-02,114916632,113278232,261797392,259072480,0,Broad proxy category. It includes electric space-heating equipment other than sauna heaters.
8516.29.0090,8516.29.0090,Other electric space heating apparatus,2011-03,80604064,78935720,342401456,338008200,0,Broad proxy category. It includes electric space-heating equipment other than sauna heaters.
8516.29.0090,8516.29.0090,Other electric space heating apparatus,2011-04,71881112,69989416,414282568,407997616,0,Broad proxy category. It includes electric space-heating equipment other than sauna heaters.
8516.29.0090,8516.29.0090,Other electric space heating apparatus,2011-05,86307208,84232800,500589776,492230416,0,Broad proxy category. It includes electric space-heating equipment other than sauna heaters.
8516.29.0090,8516.29.0090,Other electric space heating apparatus,2011-06,101444104,99705664,602033880,591936080,0,Broad proxy category. It includes electric space-heating equipment other than sauna heaters.
8516.29.0090,8516.29.0090,Other electric space heating apparatus,2011-07,248851176,247526824,850885056,839462904,0,Broad proxy category. It includes electric space-heating equipment other than sauna heaters.
8516.29.0090,8516.29.0090,Other electric space heating apparatus,2011-08,386019336,384177584,1236904392,1223640488,0,Broad proxy category. It includes electric space-heating equipment other than sauna heaters.
8516.29.0090,8516.29.0090,Other electric space heating apparatus,2011-09,397041880,396351432,1633946272,1619991920,0,Broad proxy category. It includes electric space-heating equipment other than sauna heaters.
8516.29.0090,8516.29.0090,Other electric space heating apparatus,2011-10,373787072,373598352,2007733344,1993590272,0,Broad proxy category. It includes electric space-heating equipment other than sauna heaters.
8516.29.0090,8516.29.0090,Other electric space heating apparatus,2011-11,261412496,261489976,2269145840,2255080248,0,Broad proxy category. It includes electric space-heating equipment other than sauna heaters.
8516.29.0090,8516.29.0090,Other electric space heating apparatus,2011-12,154562872,154558200,2423708712,2409638448,0,Broad proxy category. It includes electric space-heating equipment other than sauna heaters.
8516.29.0090,8516.29.0090,Other electric space heating apparatus,2012-01,124664176,124404992,124664176,124404992,0,Broad proxy category. It includes electric space-heating equipment other than sauna heaters.
8516.29.0090,8516.29.0090,Other electric space heating apparatus,2012-02,62219080,62127240,186883256,186532232,0,Broad proxy category. It includes electric space-heating equipment other than sauna heaters.
8516.29.0090,8516.29.0090,Other electric space heating apparatus,2012-03,60839440,60747000,247722696,247279232,0,Broad proxy category. It includes electric space-heating equipment other than sauna heaters.
8516.29.0090,8516.29.0090,Other electric space heating apparatus,2012-04,72339832,72061504,320062528,319340736,0,Broad proxy category. It includes electric space-heating equipment other than sauna heaters.
8516.29.0090,8516.29.0090,Other electric space heating apparatus,2012-05,84779976,84631872,404842504,403972608,0,Broad proxy category. It includes electric space-heating equipment other than sauna heaters.
8516.29.0090,8516.29.0090,Other electric space heating apparatus,2012-06,141821560,141821560,546664064,545794168,0,Broad proxy category. It includes electric space-heating equipment other than sauna heaters.
8516.29.0090,8516.29.0090,Other electric space heating apparatus,2012-07,204090192,204001424,750754256,749795592,0,Broad proxy category. It includes electric space-heating equipment other than sauna heaters.
8516.29.0090,8516.29.0090,Other electric space heating apparatus,2012-08,382496976,382410296,1133251232,1132205888,0,Broad proxy category. It includes electric space-heating equipment other than sauna heaters.
8516.29.0090,8516.29.0090,Other electric space heating apparatus,2012-09,376157784,376005616,1509409016,1508211504,0,Broad proxy category. It includes electric space-heating equipment other than sauna heaters.
8516.29.0090,8516.29.0090,Other electric space heating apparatus,2012-10,362632008,362648192,1872041024,1870859696,0,Broad proxy category. It includes electric space-heating equipment other than sauna heaters.
8516.29.0090,8516.29.0090,Other electric space heating apparatus,2012-11,184304040,184196864,2056345064,2055056560,0,Broad proxy category. It includes electric space-heating equipment other than sauna heaters.
8516.29.0090,8516.29.0090,Other electric space heating apparatus,2012-12,126844752,126844752,2183189816,2181901312,0,Broad proxy category. It includes electric space-heating equipment other than sauna heaters.
8516.29.0090,8516.29.0090,Other electric space heating apparatus,2013-01,97793656,97793656,97793656,97793656,0,Broad proxy category. It includes electric space-heating equipment other than sauna heaters.
8516.29.0090,8516.29.0090,Other electric space heating apparatus,2013-02,76652960,76358128,174446616,174151784,0,Broad proxy category. It includes electric space-heating equipment other than sauna heaters.
8516.29.0090,8516.29.0090,Other electric space heating apparatus,2013-03,71801096,72146944,246247712,246298728,0,Broad proxy category. It includes electric space-heating equipment other than sauna heaters.
8516.29.0090,8516.29.0090,Other electric space heating apparatus,2013-04,67403224,66988288,313650936,313287016,0,Broad proxy category. It includes electric space-heating equipment other than sauna heaters.
8516.29.0090,8516.29.0090,Other electric space heating apparatus,2013-05,84724728,84472688,398375664,397759704,0,Broad proxy category. It includes electric space-heating equipment other than sauna heaters.
8516.29.0090,8516.29.0090,Other electric space heating apparatus,2013-06,92092608,91503920,490468272,489263624,0,Broad proxy category. It includes electric space-heating equipment other than sauna heaters.
8516.29.0090,8516.29.0090,Other electric space heating apparatus,2013-07,221205808,219812680,711674080,709076304,0,Broad proxy category. It includes electric space-heating equipment other than sauna heaters.
8516.29.0090,8516.29.0090,Other electric space heating apparatus,2013-08,304281408,302913368,1015955488,1011989672,0,Broad proxy category. It includes electric space-heating equipment other than sauna heaters.
8516.29.0090,8516.29.0090,Other electric space heating apparatus,2013-09,316935592,315057272,1332891080,1327046944,0,Broad proxy category. It includes electric space-heating equipment other than sauna heaters.
8516.29.0090,8516.29.0090,Other electric space heating apparatus,2013-10,302350488,300985528,1635241568,1628032472,0,Broad proxy category. It includes electric space-heating equipment other than sauna heaters.
8516.29.0090,8516.29.0090,Other electric space heating apparatus,2013-11,179024840,178714784,1814266408,1806747256,0,Broad proxy category. It includes electric space-heating equipment other than sauna heaters.
8516.29.0090,8516.29.0090,Other electric space heating apparatus,2013-12,112504528,112256672,1926770936,1919003928,0,Broad proxy category. It includes electric space-heating equipment other than sauna heaters.
8516.29.0090,8516.29.0090,Other electric space heating apparatus,2014-01,102629248,102034472,102629248,102034472,0,Broad proxy category. It includes electric space-heating equipment other than sauna heaters.
8516.29.0090,8516.29.0090,Other electric space heating apparatus,2014-02,83062848,81630312,185692096,183664784,0,Broad proxy category. It includes electric space-heating equipment other than sauna heaters.
8516.29.0090,8516.29.0090,Other electric space heating apparatus,2014-03,80723032,76907432,266415128,260572216,0,Broad proxy category. It includes electric space-heating equipment other than sauna heaters.
8516.29.0090,8516.29.0090,Other electric space heating apparatus,2014-04,89967592,88339072,356382720,348911288,0,Broad proxy category. It includes electric space-heating equipment other than sauna heaters.
8516.29.0090,8516.29.0090,Other electric space heating apparatus,2014-05,110941960,104980720,467324680,453892008,0,Broad proxy category. It includes electric space-heating equipment other than sauna heaters.
8516.29.0090,8516.29.0090,Other electric space heating apparatus,2014-06,96449664,92666296,563774344,546558304,0,Broad proxy category. It includes electric space-heating equipment other than sauna heaters.
8516.29.0090,8516.29.0090,Other electric space heating apparatus,2014-07,296777456,295247472,860551800,841805776,0,Broad proxy category. It includes electric space-heating equipment other than sauna heaters.
8516.29.0090,8516.29.0090,Other electric space heating apparatus,2014-08,303436168,300136384,1163987968,1141942160,0,Broad proxy category. It includes electric space-heating equipment other than sauna heaters.
8516.29.0090,8516.29.0090,Other electric space heating apparatus,2014-09,338968344,334985344,1502956312,1476927504,0,Broad proxy category. It includes electric space-heating equipment other than sauna heaters.
8516.29.0090,8516.29.0090,Other electric space heating apparatus,2014-10,357377760,355133760,1860334072,1832061264,0,Broad proxy category. It includes electric space-heating equipment other than sauna heaters.
8516.29.0090,8516.29.0090,Other electric space heating apparatus,2014-11,272049360,271533232,2132383432,2103594496,0,Broad proxy category. It includes electric space-heating equipment other than sauna heaters.
8516.29.0090,8516.29.0090,Other electric space heating apparatus,2014-12,208407416,206330984,2340790848,2309925480,0,Broad proxy category. It includes electric space-heating equipment other than sauna heaters.
8516.29.0090,8516.29.0090,Other electric space heating apparatus,2015-01,170134552,166887136,170134552,166887136,127,Broad proxy category. It includes electric space-heating equipment other than sauna heaters.
8516.29.0090,8516.29.0090,Other electric space heating apparatus,2015-02,115219896,113268184,285354448,280155320,127,Broad proxy category. It includes electric space-heating equipment other than sauna heaters.
8516.29.0090,8516.29.0090,Other electric space heating apparatus,2015-03,122645608,119984400,408000056,400139720,127,Broad proxy category. It includes electric space-heating equipment other than sauna heaters.
8516.29.0090,8516.29.0090,Other electric space heating apparatus,2015-04,101376672,97393648,509376728,497533368,127,Broad proxy category. It includes electric space-heating equipment other than sauna heaters.
8516.29.0090,8516.29.0090,Other electric space heating apparatus,2015-05,92519472,90191488,601896200,587724856,127,Broad proxy category. It includes electric space-heating equipment other than sauna heaters.
8516.29.0090,8516.29.0090,Other electric space heating apparatus,2015-06,110966536,109832944,712862736,697557800,127,Broad proxy category. It includes electric space-heating equipment other than sauna heaters.
8516.29.0090,8516.29.0090,Other electric space heating apparatus,2015-07,261308912,258522512,974171648,956080312,127,Broad proxy category. It includes electric space-heating equipment other than sauna heaters.
8516.29.0090,8516.29.0090,Other electric space heating apparatus,2015-08,285326056,283638000,1259497704,1239718312,127,Broad proxy category. It includes electric space-heating equipment other than sauna heaters.
8516.29.0090,8516.29.0090,Other electric space heating apparatus,2015-09,342710264,338801640,1602207968,1578519952,127,Broad proxy category. It includes electric space-heating equipment other than sauna heaters.
8516.29.0090,8516.29.0090,Other electric space heating apparatus,2015-10,237578552,233020432,1839786520,1811540384,127,Broad proxy category. It includes electric space-heating equipment other than sauna heaters.
8516.29.0090,8516.29.0090,Other electric space heating apparatus,2015-11,170089176,167738120,2009875696,1979278504,127,Broad proxy category. It includes electric space-heating equipment other than sauna heaters.
8516.29.0090,8516.29.0090,Other electric space heating apparatus,2015-12,120325704,119772920,2130201400,2099051424,127,Broad proxy category. It includes electric space-heating equipment other than sauna heaters.
8516.29.0090,8516.29.0090,Other electric space heating apparatus,2016-01,133403648,132329488,133403648,132329488,0,Broad proxy category. It includes electric space-heating equipment other than sauna heaters.
8516.29.0090,8516.29.0090,Other electric space heating apparatus,2016-02,99678608,97248320,233082256,229577808,0,Broad proxy category. It includes electric space-heating equipment other than sauna heaters.
8516.29.0090,8516.29.0090,Other electric space heating apparatus,2016-03,95399880,91444136,328482136,321021944,0,Broad proxy category. It includes electric space-heating equipment other than sauna heaters.
8516.29.0090,8516.29.0090,Other electric space heating apparatus,2016-04,102745688,101194872,431227824,422216816,0,Broad proxy category. It includes electric space-heating equipment other than sauna heaters.
8516.29.0090,8516.29.0090,Other electric space heating apparatus,2016-05,110333104,107860864,541560928,530077680,0,Broad proxy category. It includes electric space-heating equipment other than sauna heaters.
8516.29.0090,8516.29.0090,Other electric space heating apparatus,2016-06,114702288,112312832,656263216,642390512,0,Broad proxy category. It includes electric space-heating equipment other than sauna heaters.
8516.29.0090,8516.29.0090,Other electric space heating apparatus,2016-07,172388320,171669920,828651536,814060432,0,Broad proxy category. It includes electric space-heating equipment other than sauna heaters.
8516.29.0090,8516.29.0090,Other electric space heating apparatus,2016-08,273980352,271514312,1102631888,1085574744,0,Broad proxy category. It includes electric space-heating equipment other than sauna heaters.
8516.29.0090,8516.29.0090,Other electric space heating apparatus,2016-09,278467456,272470352,1381099344,1358045096,0,Broad proxy category. It includes electric space-heating equipment other than sauna heaters.
8516.29.0090,8516.29.0090,Other electric space heating apparatus,2016-10,219142600,217225960,1600241944,1575271056,0,Broad proxy category. It includes electric space-heating equipment other than sauna heaters.
8516.29.0090,8516.29.0090,Other electric space heating apparatus,2016-11,169461472,170259952,1769703416,1745531008,0,Broad proxy category. It includes electric space-heating equipment other than sauna heaters.
8516.29.0090,8516.29.0090,Other electric space heating apparatus,2016-12,166573448,163089640,1936276864,1908620648,0,Broad proxy category. It includes electric space-heating equipment other than sauna heaters.
8516.29.0090,8516.29.0090,Other electric space heating apparatus,2017-01,162013320,161408152,162013320,161408152,0,Broad proxy category. It includes electric space-heating equipment other than sauna heaters.
8516.29.0090,8516.29.0090,Other electric space heating apparatus,2017-02,119412408,116789176,281425728,278197328,0,Broad proxy category. It includes electric space-heating equipment other than sauna heaters.
8516.29.0090,8516.29.0090,Other electric space heating apparatus,2017-03,106521688,102013928,387947416,380211256,0,Broad proxy category. It includes electric space-heating equipment other than sauna heaters.
8516.29.0090,8516.29.0090,Other electric space heating apparatus,2017-04,123978944,120718456,511926360,500929712,0,Broad proxy category. It includes electric space-heating equipment other than sauna heaters.
8516.29.0090,8516.29.0090,Other electric space heating apparatus,2017-05,118707480,118503400,630633840,619433112,0,Broad proxy category. It includes electric space-heating equipment other than sauna heaters.
8516.29.0090,8516.29.0090,Other electric space heating apparatus,2017-06,141596408,140024672,772230248,759457784,0,Broad proxy category. It includes electric space-heating equipment other than sauna heaters.
8516.29.0090,8516.29.0090,Other electric space heating apparatus,2017-07,161001240,161450240,933231488,920908024,0,Broad proxy category. It includes electric space-heating equipment other than sauna heaters.
8516.29.0090,8516.29.0090,Other electric space heating apparatus,2017-08,203001080,204403328,1136232568,1125311352,0,Broad proxy category. It includes electric space-heating equipment other than sauna heaters.
8516.29.0090,8516.29.0090,Other electric space heating apparatus,2017-09,254039888,256202512,1390272456,1381513864,0,Broad proxy category. It includes electric space-heating equipment other than sauna heaters.
8516.29.0090,8516.29.0090,Other electric space heating apparatus,2017-10,309786640,320505928,1700059096,1702019792,0,Broad proxy category. It includes electric space-heating equipment other than sauna heaters.
8516.29.0090,8516.29.0090,Other electric space heating apparatus,2017-11,229765456,228955960,1929824552,1930975752,0,Broad proxy category. It includes electric space-heating equipment other than sauna heaters.
8516.29.0090,8516.29.0090,Other electric space heating apparatus,2017-12,172971496,175278072,2102796048,2106253824,0,Broad proxy category. It includes electric space-heating equipment other than sauna heaters.
8516.29.0090,8516.29.0090,Other electric space heating apparatus,2018-01,173154696,168338472,173154696,168338472,0,Broad proxy category. It includes electric space-heating equipment other than sauna heaters.
8516.29.0090,8516.29.0090,Other electric space heating apparatus,2018-02,137758352,136427520,310913048,304765992,0,Broad proxy category. It includes electric space-heating equipment other than sauna heaters.
8516.29.0090,8516.29.0090,Other electric space heating apparatus,2018-03,133239432,130617784,444152480,435383776,0,Broad proxy category. It includes electric space-heating equipment other than sauna heaters.
8516.29.0090,8516.29.0090,Other electric space heating apparatus,2018-04,130053584,127556080,574206064,562939856,0,Broad proxy category. It includes electric space-heating equipment other than sauna heaters.
8516.29.0090,8516.29.0090,Other electric space heating apparatus,2018-05,168645680,167225352,742851744,730165208,0,Broad proxy category. It includes electric space-heating equipment other than sauna heaters.
8516.29.0090,8516.29.0090,Other electric space heating apparatus,2018-06,138984544,140057936,881836288,870223144,0,Broad proxy category. It includes electric space-heating equipment other than sauna heaters.
8516.29.0090,8516.29.0090,Other electric space heating apparatus,2018-07,186396336,184215920,1068232624,1054439064,0,Broad proxy category. It includes electric space-heating equipment other than sauna heaters.
8516.29.0090,8516.29.0090,Other electric space heating apparatus,2018-08,247680712,244977816,1315913336,1299416880,0,Broad proxy category. It includes electric space-heating equipment other than sauna heaters.
8516.29.0090,8516.29.0090,Other electric space heating apparatus,2018-09,301197952,304381560,1617111288,1603798440,0,Broad proxy category. It includes electric space-heating equipment other than sauna heaters.
8516.29.0090,8516.29.0090,Other electric space heating apparatus,2018-10,298307424,297845944,1915418712,1901644384,0,Broad proxy category. It includes electric space-heating equipment other than sauna heaters.
8516.29.0090,8516.29.0090,Other electric space heating apparatus,2018-11,293969520,294317968,2209388232,2195962352,0,Broad proxy category. It includes electric space-heating equipment other than sauna heaters.
8516.29.0090,8516.29.0090,Other electric space heating apparatus,2018-12,258204504,254410320,2467592736,2450372672,0,Broad proxy category. It includes electric space-heating equipment other than sauna heaters.
8516.29.0090,8516.29.0090,Other electric space heating apparatus,2019-01,153619672,152668776,153619672,152668776,0,Broad proxy category. It includes electric space-heating equipment other than sauna heaters.
8516.29.0090,8516.29.0090,Other electric space heating apparatus,2019-02,135575344,137737832,289195016,290406608,0,Broad proxy category. It includes electric space-heating equipment other than sauna heaters.
8516.29.0090,8516.29.0090,Other electric space heating apparatus,2019-03,127625672,128031864,416820688,418438472,0,Broad proxy category. It includes electric space-heating equipment other than sauna heaters.
8516.29.0090,8516.29.0090,Other electric space heating apparatus,2019-04,119710304,120952880,536530992,539391352,0,Broad proxy category. It includes electric space-heating equipment other than sauna heaters.
8516.29.0090,8516.29.0090,Other electric space heating apparatus,2019-05,120495664,120327040,657026656,659718392,0,Broad proxy category. It includes electric space-heating equipment other than sauna heaters.
8516.29.0090,8516.29.0090,Other electric space heating apparatus,2019-06,132099224,132525400,789125880,792243792,0,Broad proxy category. It includes electric space-heating equipment other than sauna heaters.
8516.29.0090,8516.29.0090,Other electric space heating apparatus,2019-07,193853000,192316464,982978880,984560256,0,Broad proxy category. It includes electric space-heating equipment other than sauna heaters.
8516.29.0090,8516.29.0090,Other electric space heating apparatus,2019-08,260288216,258415496,1243267096,1242975752,0,Broad proxy category. It includes electric space-heating equipment other than sauna heaters.
8516.29.0090,8516.29.0090,Other electric space heating apparatus,2019-09,266566424,268182056,1509833520,1511157808,0,Broad proxy category. It includes electric space-heating equipment other than sauna heaters.
8516.29.0090,8516.29.0090,Other electric space heating apparatus,2019-10,248017144,248792432,1757850664,1759950240,0,Broad proxy category. It includes electric space-heating equipment other than sauna heaters.
8516.29.0090,8516.29.0090,Other electric space heating apparatus,2019-11,196020480,196581680,1953871144,1956531920,0,Broad proxy category. It includes electric space-heating equipment other than sauna heaters.
8516.29.0090,8516.29.0090,Other electric space heating apparatus,2019-12,173599512,173424608,2127470656,2129956528,0,Broad proxy category. It includes electric space-heating equipment other than sauna heaters.
8516.29.0090,8516.29.0090,Other electric space heating apparatus,2020-01,147407288,147043080,147407288,147043080,0,Broad proxy category. It includes electric space-heating equipment other than sauna heaters.
8516.29.0090,8516.29.0090,Other electric space heating apparatus,2020-02,124542880,125111088,271950168,272154168,0,Broad proxy category. It includes electric space-heating equipment other than sauna heaters.
8516.29.0090,8516.29.0090,Other electric space heating apparatus,2020-03,115871000,113754824,387821168,385908992,0,Broad proxy category. It includes electric space-heating equipment other than sauna heaters.
8516.29.0090,8516.29.0090,Other electric space heating apparatus,2020-04,96069552,93367152,483890720,479276144,0,Broad proxy category. It includes electric space-heating equipment other than sauna heaters.
8516.29.0090,8516.29.0090,Other electric space heating apparatus,2020-05,106068400,106737608,589959120,586013752,0,Broad proxy category. It includes electric space-heating equipment other than sauna heaters.
8516.29.0090,8516.29.0090,Other electric space heating apparatus,2020-06,103339368,101679152,693298488,687692904,0,Broad proxy category. It includes electric space-heating equipment other than sauna heaters.
8516.29.0090,8516.29.0090,Other electric space heating apparatus,2020-07,178077728,177768240,871376216,865461144,0,Broad proxy category. It includes electric space-heating equipment other than sauna heaters.
8516.29.0090,8516.29.0090,Other electric space heating apparatus,2020-08,201839544,198961448,1073215760,1064422592,0,Broad proxy category. It includes electric space-heating equipment other than sauna heaters.
8516.29.0090,8516.29.0090,Other electric space heating apparatus,2020-09,213970256,215825864,1287186016,1280248456,0,Broad proxy category. It includes electric space-heating equipment other than sauna heaters.
8516.29.0090,8516.29.0090,Other electric space heating apparatus,2020-10,268788656,268733872,1555974672,1548982328,0,Broad proxy category. It includes electric space-heating equipment other than sauna heaters.
8516.29.0090,8516.29.0090,Other electric space heating apparatus,2020-11,239565880,240097016,1795540552,1789079344,0,Broad proxy category. It includes electric space-heating equipment other than sauna heaters.
8516.29.0090,8516.29.0090,Other electric space heating apparatus,2020-12,240484584,238939080,2036025136,2028018424,0,Broad proxy category. It includes electric space-heating equipment other than sauna heaters.
8516.29.0090,8516.29.0090,Other electric space heating apparatus,2021-01,176874184,175155432,176874184,175155432,0,Broad proxy category. It includes electric space-heating equipment other than sauna heaters.
8516.29.0090,8516.29.0090,Other electric space heating apparatus,2021-02,144766912,145096064,321641096,320251496,0,Broad proxy category. It includes electric space-heating equipment other than sauna heaters.
8516.29.0090,8516.29.0090,Other electric space heating apparatus,2021-03,180475240,179547520,502116336,499799016,0,Broad proxy category. It includes electric space-heating equipment other than sauna heaters.
8516.29.0090,8516.29.0090,Other electric space heating apparatus,2021-04,144469320,142863024,646585656,642662040,0,Broad proxy category. It includes electric space-heating equipment other than sauna heaters.
8516.29.0090,8516.29.0090,Other electric space heating apparatus,2021-05,152052128,151961952,798637784,794623992,0,Broad proxy category. It includes electric space-heating equipment other than sauna heaters.
8516.29.0090,8516.29.0090,Other electric space heating apparatus,2021-06,184286704,182948192,982924488,977572184,0,Broad proxy category. It includes electric space-heating equipment other than sauna heaters.
8516.29.0090,8516.29.0090,Other electric space heating apparatus,2021-07,176681688,176435944,1159606176,1154008128,0,Broad proxy category. It includes electric space-heating equipment other than sauna heaters.
8516.29.0090,8516.29.0090,Other electric space heating apparatus,2021-08,209640856,208753432,1369247032,1362761560,0,Broad proxy category. It includes electric space-heating equipment other than sauna heaters.
8516.29.0090,8516.29.0090,Other electric space heating apparatus,2021-09,256566008,256380536,1625813040,1619142096,0,Broad proxy category. It includes electric space-heating equipment other than sauna heaters.
8516.29.0090,8516.29.0090,Other electric space heating apparatus,2021-10,288422248,285430368,1914235288,1904572464,0,Broad proxy category. It includes electric space-heating equipment other than sauna heaters.
8516.29.0090,8516.29.0090,Other electric space heating apparatus,2021-11,278600808,278186312,2192836096,2182758776,0,Broad proxy category. It includes electric space-heating equipment other than sauna heaters.
8516.29.0090,8516.29.0090,Other electric space heating apparatus,2021-12,272100584,269719336,2464936680,2452478112,0,Broad proxy category. It includes electric space-heating equipment other than sauna heaters.
8516.29.0090,8516.29.0090,Other electric space heating apparatus,2022-01,235032656,234130944,235032656,234130944,0,Broad proxy category. It includes electric space-heating equipment other than sauna heaters.
8516.29.0090,8516.29.0090,Other electric space heating apparatus,2022-02,197075800,196287440,432108456,430418384,0,Broad proxy category. It includes electric space-heating equipment other than sauna heaters.
8516.29.0090,8516.29.0090,Other electric space heating apparatus,2022-03,225119544,224843072,657228000,655261456,0,Broad proxy category. It includes electric space-heating equipment other than sauna heaters.
8516.29.0090,8516.29.0090,Other electric space heating apparatus,2022-04,186753928,185822808,843981928,841084264,0,Broad proxy category. It includes electric space-heating equipment other than sauna heaters.
8516.29.0090,8516.29.0090,Other electric space heating apparatus,2022-05,201667264,201272744,1045649192,1042357008,0,Broad proxy category. It includes electric space-heating equipment other than sauna heaters.
8516.29.0090,8516.29.0090,Other electric space heating apparatus,2022-06,164212336,164903688,1209861528,1207260696,0,Broad proxy category. It includes electric space-heating equipment other than sauna heaters.
8516.29.0090,8516.29.0090,Other electric space heating apparatus,2022-07,230130216,229133952,1439991744,1436394648,0,Broad proxy category. It includes electric space-heating equipment other than sauna heaters.
8516.29.0090,8516.29.0090,Other electric space heating apparatus,2022-08,303638656,301357864,1743630400,1737752512,0,Broad proxy category. It includes electric space-heating equipment other than sauna heaters.
8516.29.0090,8516.29.0090,Other electric space heating apparatus,2022-09,291786336,289962680,2035416736,2027715192,0,Broad proxy category. It includes electric space-heating equipment other than sauna heaters.
8516.29.0090,8516.29.0090,Other electric space heating apparatus,2022-10,247367984,245320312,2282784720,2273035504,0,Broad proxy category. It includes electric space-heating equipment other than sauna heaters.
8516.29.0090,8516.29.0090,Other electric space heating apparatus,2022-11,239912376,241245952,2522697096,2514281456,0,Broad proxy category. It includes electric space-heating equipment other than sauna heaters.
8516.29.0090,8516.29.0090,Other electric space heating apparatus,2022-12,238585752,238601912,2761282848,2752883368,0,Broad proxy category. It includes electric space-heating equipment other than sauna heaters.
8516.29.0090,8516.29.0090,Other electric space heating apparatus,2023-01,206771472,206340440,206771472,206340440,0,Broad proxy category. It includes electric space-heating equipment other than sauna heaters.
8516.29.0090,8516.29.0090,Other electric space heating apparatus,2023-02,143817016,142427056,350588488,348767496,0,Broad proxy category. It includes electric space-heating equipment other than sauna heaters.
8516.29.0090,8516.29.0090,Other electric space heating apparatus,2023-03,186388208,185822272,536976696,534589768,0,Broad proxy category. It includes electric space-heating equipment other than sauna heaters.
8516.29.0090,8516.29.0090,Other electric space heating apparatus,2023-04,172442336,172486904,709419032,707076672,0,Broad proxy category. It includes electric space-heating equipment other than sauna heaters.
8516.29.0090,8516.29.0090,Other electric space heating apparatus,2023-05,192710784,192804152,902129816,899880824,0,Broad proxy category. It includes electric space-heating equipment other than sauna heaters.
8516.29.0090,8516.29.0090,Other electric space heating apparatus,2023-06,198040304,195832144,1100170120,1095712968,0,Broad proxy category. It includes electric space-heating equipment other than sauna heaters.
8516.29.0090,8516.29.0090,Other electric space heating apparatus,2023-07,204626056,203882064,1304796176,1299595032,0,Broad proxy category. It includes electric space-heating equipment other than sauna heaters.
8516.29.0090,8516.29.0090,Other electric space heating apparatus,2023-08,306374688,303471680,1611170864,1603066712,0,Broad proxy category. It includes electric space-heating equipment other than sauna heaters.
8516.29.0090,8516.29.0090,Other electric space heating apparatus,2023-09,325120280,320161832,1936291144,1923228544,0,Broad proxy category. It includes electric space-heating equipment other than sauna heaters.
8516.29.0090,8516.29.0090,Other electric space heating apparatus,2023-10,269769808,268566128,2206060952,2191794672,0,Broad proxy category. It includes electric space-heating equipment other than sauna heaters.
8516.29.0090,8516.29.0090,Other electric space heating apparatus,2023-11,228085984,227487616,2434146936,2419282288,0,Broad proxy category. It includes electric space-heating equipment other than sauna heaters.
8516.29.0090,8516.29.0090,Other electric space heating apparatus,2023-12,246095336,245513952,2680242272,2664796240,0,Broad proxy category. It includes electric space-heating equipment other than sauna heaters.
8516.29.0090,8516.29.0090,Other electric space heating apparatus,2024-01,222063936,220392320,222063936,220392320,0,Broad proxy category. It includes electric space-heating equipment other than sauna heaters.
8516.29.0090,8516.29.0090,Other electric space heating apparatus,2024-02,201484136,194882072,423548072,415274392,0,Broad proxy category. It includes electric space-heating equipment other than sauna heaters.
8516.29.0090,8516.29.0090,Other electric space heating apparatus,2024-03,208901360,202478400,632449432,617752792,0,Broad proxy category. It includes electric space-heating equipment other than sauna heaters.
8516.29.0090,8516.29.0090,Other electric space heating apparatus,2024-04,188778144,181923984,821227576,799676776,0,Broad proxy category. It includes electric space-heating equipment other than sauna heaters.
8516.29.0090,8516.29.0090,Other electric space heating apparatus,2024-05,206615040,199411840,1027842616,999088616,0,Broad proxy category. It includes electric space-heating equipment other than sauna heaters.
8516.29.0090,8516.29.0090,Other electric space heating apparatus,2024-06,218629656,212643880,1246472272,1211732496,0,Broad proxy category. It includes electric space-heating equipment other than sauna heaters.
8516.29.0090,8516.29.0090,Other electric space heating apparatus,2024-07,231685360,226424616,1478157632,1438157112,0,Broad proxy category. It includes electric space-heating equipment other than sauna heaters.
8516.29.0090,8516.29.0090,Other electric space heating apparatus,2024-08,308527856,305185568,1786685488,1743342680,0,Broad proxy category. It includes electric space-heating equipment other than sauna heaters.
8516.29.0090,8516.29.0090,Other electric space heating apparatus,2024-09,335639344,330349056,2122324832,2073691736,0,Broad proxy category. It includes electric space-heating equipment other than sauna heaters.
8516.29.0090,8516.29.0090,Other electric space heating apparatus,2024-10,366595616,361050480,2488920448,2434742216,0,Broad proxy category. It includes electric space-heating equipment other than sauna heaters.
8516.29.0090,8516.29.0090,Other electric space heating apparatus,2024-11,338142072,331883552,2827062520,2766625768,0,Broad proxy category. It includes electric space-heating equipment other than sauna heaters.
8516.29.0090,8516.29.0090,Other electric space heating apparatus,2024-12,317575360,314017184,3144637880,3080642952,0,Broad proxy category. It includes electric space-heating equipment other than sauna heaters.
8516.29.0090,8516.29.0090,Other electric space heating apparatus,2025-01,266049824,261025296,266049824,261025296,0,Broad proxy category. It includes electric space-heating equipment other than sauna heaters.
8516.29.0090,8516.29.0090,Other electric space heating apparatus,2025-02,208701720,202340384,474751544,463365680,0,Broad proxy category. It includes electric space-heating equipment other than sauna heaters.
8516.29.0090,8516.29.0090,Other electric space heating apparatus,2025-03,251803648,244615824,726555192,707981504,0,Broad proxy category. It includes electric space-heating equipment other than sauna heaters.
8516.29.0090,8516.29.0090,Other electric space heating apparatus,2025-04,240614928,239444512,967170120,947426016,0,Broad proxy category. It includes electric space-heating equipment other than sauna heaters.
8516.29.0090,8516.29.0090,Other electric space heating apparatus,2025-05,255051096,254771944,1222221216,1202197960,0,Broad proxy category. It includes electric space-heating equipment other than sauna heaters.
8516.29.0090,8516.29.0090,Other electric space heating apparatus,2025-06,212301024,211674048,1434522240,1413872008,0,Broad proxy category. It includes electric space-heating equipment other than sauna heaters.
8516.29.0090,8516.29.0090,Other electric space heating apparatus,2025-07,291972696,288495912,1726494936,1702367920,0,Broad proxy category. It includes electric space-heating equipment other than sauna heaters.
8516.29.0090,8516.29.0090,Other electric space heating apparatus,2025-08,249666952,245257624,1976161888,1947625544,0,Broad proxy category. It includes electric space-heating equipment other than sauna heaters.
8516.29.0090,8516.29.0090,Other electric space heating apparatus,2025-09,281044680,278202096,2257206568,2225827640,0,Broad proxy category. It includes electric space-heating equipment other than sauna heaters.
8516.29.0090,8516.29.0090,Other electric space heating apparatus,2025-10,305228120,303720072,2562434688,2529547712,0,Broad proxy category. It includes electric space-heating equipment other than sauna heaters.
8516.29.0090,8516.29.0090,Other electric space heating apparatus,2025-11,250367864,249303392,2812802552,2778851104,0,Broad proxy category. It includes electric space-heating equipment other than sauna heaters.
8516.29.0090,8516.29.0090,Other electric space heating apparatus,2025-12,206211432,205353840,3019013984,2984204944,0,Broad proxy category. It includes electric space-heating equipment other than sauna heaters.
8516.29.0090,8516.29.0090,Other electric space heating apparatus,2026-01,209206088,206669576,209206088,206669576,0,Broad proxy category. It includes electric space-heating equipment other than sauna heaters.
8516.29.0090,8516.29.0090,Other electric space heating apparatus,2026-02,212959136,210694088,422165224,417363664,0,Broad proxy category. It includes electric space-heating equipment other than sauna heaters.
8516.29.0090,8516.29.0090,Other electric space heating apparatus,2026-03,228670632,229639784,650835856,647003448,0,Broad proxy category. It includes electric space-heating equipment other than sauna heaters.
8516.29.0090,8516.29.0090,Other electric space heating apparatus,2026-04,181155928,177762816,831991784,824766264,0,Broad proxy category. It includes electric space-heating equipment other than sauna heaters.
8516.29.0090,8516.29.0090,Other electric space heating apparatus,2026-05,208485584,205279128,1040477368,1030045392,0,Broad proxy category. It includes electric space-heating equipment other than sauna heaters.
8516.29.0090,8516.29.0090,Other electric space heating apparatus,2026-06,159808216,158886128,1200285584,1188931520,0,Broad proxy category. It includes electric space-heating equipment other than sauna heaters.
8516.29.0090,8516.29.0090,Other electric space heating apparatus,2026-07,231031976,228352704,1431317560,1417284224,0,Broad proxy category. It includes electric space-heating equipment other than sauna heaters.
8516.79.0000,8516.79.0000,Other domestic electrothermic appliances,2010-01,567073496,572486032,567073496,572486032,0,Broad proxy category. It includes domestic electrothermic appliances other than portable infrared saunas.
8516.79.0000,8516.79.0000,Other domestic electrothermic appliances,2010-02,520500944,510889088,1087574440,1083375120,0,Broad proxy category. It includes domestic electrothermic appliances other than portable infrared saunas.
8516.79.0000,8516.79.0000,Other domestic electrothermic appliances,2010-03,448569416,446880736,1536143856,1530255856,0,Broad proxy category. It includes domestic electrothermic appliances other than portable infrared saunas.
8516.79.0000,8516.79.0000,Other domestic electrothermic appliances,2010-04,514351976,512159176,2050495832,2042415032,0,Broad proxy category. It includes domestic electrothermic appliances other than portable infrared saunas.
8516.79.0000,8516.79.0000,Other domestic electrothermic appliances,2010-05,540302896,542352920,2590798728,2584767952,0,Broad proxy category. It includes domestic electrothermic appliances other than portable infrared saunas.
8516.79.0000,8516.79.0000,Other domestic electrothermic appliances,2010-06,712201288,695785912,3303000016,3280553864,0,Broad proxy category. It includes domestic electrothermic appliances other than portable infrared saunas.
8516.79.0000,8516.79.0000,Other domestic electrothermic appliances,2010-07,820323184,812061720,4123323200,4092615584,0,Broad proxy category. It includes domestic electrothermic appliances other than portable infrared saunas.
8516.79.0000,8516.79.0000,Other domestic electrothermic appliances,2010-08,1042960784,1050343728,5166283984,5142959312,0,Broad proxy category. It includes domestic electrothermic appliances other than portable infrared saunas.
8516.79.0000,8516.79.0000,Other domestic electrothermic appliances,2010-09,1111174288,1105445096,6277458272,6248404408,0,Broad proxy category. It includes domestic electrothermic appliances other than portable infrared saunas.
8516.79.0000,8516.79.0000,Other domestic electrothermic appliances,2010-10,1037766648,1033192848,7315224920,7281597256,0,Broad proxy category. It includes domestic electrothermic appliances other than portable infrared saunas.
8516.79.0000,8516.79.0000,Other domestic electrothermic appliances,2010-11,907458744,893519800,8222683664,8175117056,0,Broad proxy category. It includes domestic electrothermic appliances other than portable infrared saunas.
8516.79.0000,8516.79.0000,Other domestic electrothermic appliances,2010-12,672288736,692536744,8894972400,8867653800,0,Broad proxy category. It includes domestic electrothermic appliances other than portable infrared saunas.
8516.79.0000,8516.79.0000,Other domestic electrothermic appliances,2011-01,633643152,637665672,633643152,637665672,0,Broad proxy category. It includes domestic electrothermic appliances other than portable infrared saunas.
8516.79.0000,8516.79.0000,Other domestic electrothermic appliances,2011-02,518579416,512429248,1152222568,1150094920,0,Broad proxy category. It includes domestic electrothermic appliances other than portable infrared saunas.
8516.79.0000,8516.79.0000,Other domestic electrothermic appliances,2011-03,447803648,447622312,1600026216,1597717232,0,Broad proxy category. It includes domestic electrothermic appliances other than portable infrared saunas.
8516.79.0000,8516.79.0000,Other domestic electrothermic appliances,2011-04,602064448,597833048,2202090664,2195550280,0,Broad proxy category. It includes domestic electrothermic appliances other than portable infrared saunas.
8516.79.0000,8516.79.0000,Other domestic electrothermic appliances,2011-05,546068384,538247120,2748159048,2733797400,0,Broad proxy category. It includes domestic electrothermic appliances other than portable infrared saunas.
8516.79.0000,8516.79.0000,Other domestic electrothermic appliances,2011-06,589302096,580317480,3337461144,3314114880,0,Broad proxy category. It includes domestic electrothermic appliances other than portable infrared saunas.
8516.79.0000,8516.79.0000,Other domestic electrothermic appliances,2011-07,716798456,707569832,4054259600,4021684712,0,Broad proxy category. It includes domestic electrothermic appliances other than portable infrared saunas.
8516.79.0000,8516.79.0000,Other domestic electrothermic appliances,2011-08,956286944,948711136,5010546544,4970395848,0,Broad proxy category. It includes domestic electrothermic appliances other than portable infrared saunas.
8516.79.0000,8516.79.0000,Other domestic electrothermic appliances,2011-09,1112340936,1113480000,6122887480,6083875848,0,Broad proxy category. It includes domestic electrothermic appliances other than portable infrared saunas.
8516.79.0000,8516.79.0000,Other domestic electrothermic appliances,2011-10,1181166776,1184860392,7304054256,7268736240,0,Broad proxy category. It includes domestic electrothermic appliances other than portable infrared saunas.
8516.79.0000,8516.79.0000,Other domestic electrothermic appliances,2011-11,945278304,935904928,8249332560,8204641168,0,Broad proxy category. It includes domestic electrothermic appliances other than portable infrared saunas.
8516.79.0000,8516.79.0000,Other domestic electrothermic appliances,2011-12,595458072,595844328,8844790632,8800485496,0,Broad proxy category. It includes domestic electrothermic appliances other than portable infrared saunas.
8516.79.0000,8516.79.0000,Other domestic electrothermic appliances,2012-01,636494456,625728336,636494456,625728336,0,Broad proxy category. It includes domestic electrothermic appliances other than portable infrared saunas.
8516.79.0000,8516.79.0000,Other domestic electrothermic appliances,2012-02,410789536,404618088,1047283992,1030346424,0,Broad proxy category. It includes domestic electrothermic appliances other than portable infrared saunas.
8516.79.0000,8516.79.0000,Other domestic electrothermic appliances,2012-03,488577504,494368792,1535861496,1524715216,0,Broad proxy category. It includes domestic electrothermic appliances other than portable infrared saunas.
8516.79.0000,8516.79.0000,Other domestic electrothermic appliances,2012-04,604914544,602804576,2140776040,2127519792,0,Broad proxy category. It includes domestic electrothermic appliances other than portable infrared saunas.
8516.79.0000,8516.79.0000,Other domestic electrothermic appliances,2012-05,569057232,570012912,2709833272,2697532704,0,Broad proxy category. It includes domestic electrothermic appliances other than portable infrared saunas.
8516.79.0000,8516.79.0000,Other domestic electrothermic appliances,2012-06,590198728,579561472,3300032000,3277094176,0,Broad proxy category. It includes domestic electrothermic appliances other than portable infrared saunas.
8516.79.0000,8516.79.0000,Other domestic electrothermic appliances,2012-07,723959432,716691480,4023991432,3993785656,0,Broad proxy category. It includes domestic electrothermic appliances other than portable infrared saunas.
8516.79.0000,8516.79.0000,Other domestic electrothermic appliances,2012-08,984051992,946610784,5008043424,4940396440,0,Broad proxy category. It includes domestic electrothermic appliances other than portable infrared saunas.
8516.79.0000,8516.79.0000,Other domestic electrothermic appliances,2012-09,1084516464,1012787096,6092559888,5953183536,0,Broad proxy category. It includes domestic electrothermic appliances other than portable infrared saunas.
8516.79.0000,8516.79.0000,Other domestic electrothermic appliances,2012-10,1169584712,1172193728,7262144600,7125377264,0,Broad proxy category. It includes domestic electrothermic appliances other than portable infrared saunas.
8516.79.0000,8516.79.0000,Other domestic electrothermic appliances,2012-11,952768568,980721136,8214913168,8106098400,0,Broad proxy category. It includes domestic electrothermic appliances other than portable infrared saunas.
8516.79.0000,8516.79.0000,Other domestic electrothermic appliances,2012-12,620659688,630786024,8835572856,8736884424,0,Broad proxy category. It includes domestic electrothermic appliances other than portable infrared saunas.
8516.79.0000,8516.79.0000,Other domestic electrothermic appliances,2013-01,636665200,631563104,636665200,631563104,0,Broad proxy category. It includes domestic electrothermic appliances other than portable infrared saunas.
8516.79.0000,8516.79.0000,Other domestic electrothermic appliances,2013-02,596546728,569702128,1233211928,1201265232,0,Broad proxy category. It includes domestic electrothermic appliances other than portable infrared saunas.
8516.79.0000,8516.79.0000,Other domestic electrothermic appliances,2013-03,404738944,428301040,1637950872,1629566272,0,Broad proxy category. It includes domestic electrothermic appliances other than portable infrared saunas.
8516.79.0000,8516.79.0000,Other domestic electrothermic appliances,2013-04,534958568,512103576,2172909440,2141669848,0,Broad proxy category. It includes domestic electrothermic appliances other than portable infrared saunas.
8516.79.0000,8516.79.0000,Other domestic electrothermic appliances,2013-05,578733760,556223944,2751643200,2697893792,0,Broad proxy category. It includes domestic electrothermic appliances other than portable infrared saunas.
8516.79.0000,8516.79.0000,Other domestic electrothermic appliances,2013-06,697951208,650092472,3449594408,3347986264,0,Broad proxy category. It includes domestic electrothermic appliances other than portable infrared saunas.
8516.79.0000,8516.79.0000,Other domestic electrothermic appliances,2013-07,748481240,697454640,4198075648,4045440904,0,Broad proxy category. It includes domestic electrothermic appliances other than portable infrared saunas.
8516.79.0000,8516.79.0000,Other domestic electrothermic appliances,2013-08,1045461384,1011594400,5243537032,5057035304,0,Broad proxy category. It includes domestic electrothermic appliances other than portable infrared saunas.
8516.79.0000,8516.79.0000,Other domestic electrothermic appliances,2013-09,1025811544,1035238136,6269348576,6092273440,0,Broad proxy category. It includes domestic electrothermic appliances other than portable infrared saunas.
8516.79.0000,8516.79.0000,Other domestic electrothermic appliances,2013-10,1191886360,1167735560,7461234936,7260009000,0,Broad proxy category. It includes domestic electrothermic appliances other than portable infrared saunas.
8516.79.0000,8516.79.0000,Other domestic electrothermic appliances,2013-11,1040013896,1112097992,8501248832,8372106992,0,Broad proxy category. It includes domestic electrothermic appliances other than portable infrared saunas.
8516.79.0000,8516.79.0000,Other domestic electrothermic appliances,2013-12,745569464,783022808,9246818296,9155129800,0,Broad proxy category. It includes domestic electrothermic appliances other than portable infrared saunas.
8516.79.0000,8516.79.0000,Other domestic electrothermic appliances,2014-01,724174088,734829776,724174088,734829776,0,Broad proxy category. It includes domestic electrothermic appliances other than portable infrared saunas.
8516.79.0000,8516.79.0000,Other domestic electrothermic appliances,2014-02,504754552,499224152,1228928640,1234053928,0,Broad proxy category. It includes domestic electrothermic appliances other than portable infrared saunas.
8516.79.0000,8516.79.0000,Other domestic electrothermic appliances,2014-03,469813320,478631104,1698741960,1712685032,0,Broad proxy category. It includes domestic electrothermic appliances other than portable infrared saunas.
8516.79.0000,8516.79.0000,Other domestic electrothermic appliances,2014-04,574637232,579734352,2273379192,2292419384,0,Broad proxy category. It includes domestic electrothermic appliances other than portable infrared saunas.
8516.79.0000,8516.79.0000,Other domestic electrothermic appliances,2014-05,667916296,653690992,2941295488,2946110376,0,Broad proxy category. It includes domestic electrothermic appliances other than portable infrared saunas.
8516.79.0000,8516.79.0000,Other domestic electrothermic appliances,2014-06,636001496,614184624,3577296984,3560295000,0,Broad proxy category. It includes domestic electrothermic appliances other than portable infrared saunas.
8516.79.0000,8516.79.0000,Other domestic electrothermic appliances,2014-07,771802768,719729288,4349099752,4280024288,0,Broad proxy category. It includes domestic electrothermic appliances other than portable infrared saunas.
8516.79.0000,8516.79.0000,Other domestic electrothermic appliances,2014-08,1001330392,963311328,5350430144,5243335616,0,Broad proxy category. It includes domestic electrothermic appliances other than portable infrared saunas.
8516.79.0000,8516.79.0000,Other domestic electrothermic appliances,2014-09,1099051576,1135746120,6449481720,6379081736,0,Broad proxy category. It includes domestic electrothermic appliances other than portable infrared saunas.
8516.79.0000,8516.79.0000,Other domestic electrothermic appliances,2014-10,1288208304,1318979136,7737690024,7698060872,0,Broad proxy category. It includes domestic electrothermic appliances other than portable infrared saunas.
8516.79.0000,8516.79.0000,Other domestic electrothermic appliances,2014-11,1000771912,1063093480,8738461936,8761154352,0,Broad proxy category. It includes domestic electrothermic appliances other than portable infrared saunas.
8516.79.0000,8516.79.0000,Other domestic electrothermic appliances,2014-12,899646920,856747536,9638108856,9617901888,0,Broad proxy category. It includes domestic electrothermic appliances other than portable infrared saunas.
8516.79.0000,8516.79.0000,Other domestic electrothermic appliances,2015-01,762436504,797383920,762436504,797383920,127,Broad proxy category. It includes domestic electrothermic appliances other than portable infrared saunas.
8516.79.0000,8516.79.0000,Other domestic electrothermic appliances,2015-02,720287216,701359120,1482723720,1498743040,127,Broad proxy category. It includes domestic electrothermic appliances other than portable infrared saunas.
8516.79.0000,8516.79.0000,Other domestic electrothermic appliances,2015-03,752937528,729286744,2235661248,2228029784,127,Broad proxy category. It includes domestic electrothermic appliances other than portable infrared saunas.
8516.79.0000,8516.79.0000,Other domestic electrothermic appliances,2015-04,717572776,685378456,2953234024,2913408240,127,Broad proxy category. It includes domestic electrothermic appliances other than portable infrared saunas.
8516.79.0000,8516.79.0000,Other domestic electrothermic appliances,2015-05,782105384,710994760,3735339408,3624403000,127,Broad proxy category. It includes domestic electrothermic appliances other than portable infrared saunas.
8516.79.0000,8516.79.0000,Other domestic electrothermic appliances,2015-06,896344120,825277760,4631683528,4449680760,127,Broad proxy category. It includes domestic electrothermic appliances other than portable infrared saunas.
8516.79.0000,8516.79.0000,Other domestic electrothermic appliances,2015-07,1009007112,972082544,5640690640,5421763304,127,Broad proxy category. It includes domestic electrothermic appliances other than portable infrared saunas.
8516.79.0000,8516.79.0000,Other domestic electrothermic appliances,2015-08,1146655304,1156927864,6787345944,6578691168,127,Broad proxy category. It includes domestic electrothermic appliances other than portable infrared saunas.
8516.79.0000,8516.79.0000,Other domestic electrothermic appliances,2015-09,1338549888,1348699720,8125895832,7927390888,127,Broad proxy category. It includes domestic electrothermic appliances other than portable infrared saunas.
8516.79.0000,8516.79.0000,Other domestic electrothermic appliances,2015-10,1497120200,1554163496,9623016032,9481554384,127,Broad proxy category. It includes domestic electrothermic appliances other than portable infrared saunas.
8516.79.0000,8516.79.0000,Other domestic electrothermic appliances,2015-11,1026351992,1083901416,10649368024,10565455800,127,Broad proxy category. It includes domestic electrothermic appliances other than portable infrared saunas.
8516.79.0000,8516.79.0000,Other domestic electrothermic appliances,2015-12,886935528,906678384,11536303552,11472134184,127,Broad proxy category. It includes domestic electrothermic appliances other than portable infrared saunas.
8516.79.0000,8516.79.0000,Other domestic electrothermic appliances,2016-01,782483504,794882936,782483504,794882936,0,Broad proxy category. It includes domestic electrothermic appliances other than portable infrared saunas.
8516.79.0000,8516.79.0000,Other domestic electrothermic appliances,2016-02,753514592,708889232,1535998096,1503772168,0,Broad proxy category. It includes domestic electrothermic appliances other than portable infrared saunas.
8516.79.0000,8516.79.0000,Other domestic electrothermic appliances,2016-03,515384208,504112424,2051382304,2007884592,0,Broad proxy category. It includes domestic electrothermic appliances other than portable infrared saunas.
8516.79.0000,8516.79.0000,Other domestic electrothermic appliances,2016-04,608159688,636271360,2659541992,2644155952,0,Broad proxy category. It includes domestic electrothermic appliances other than portable infrared saunas.
8516.79.0000,8516.79.0000,Other domestic electrothermic appliances,2016-05,848481760,821073888,3508023752,3465229840,0,Broad proxy category. It includes domestic electrothermic appliances other than portable infrared saunas.
8516.79.0000,8516.79.0000,Other domestic electrothermic appliances,2016-06,811709840,783077472,4319733592,4248307312,0,Broad proxy category. It includes domestic electrothermic appliances other than portable infrared saunas.
8516.79.0000,8516.79.0000,Other domestic electrothermic appliances,2016-07,797366840,767366032,5117100432,5015673344,0,Broad proxy category. It includes domestic electrothermic appliances other than portable infrared saunas.
8516.79.0000,8516.79.0000,Other domestic electrothermic appliances,2016-08,1124443648,1103407784,6241544080,6119081128,0,Broad proxy category. It includes domestic electrothermic appliances other than portable infrared saunas.
8516.79.0000,8516.79.0000,Other domestic electrothermic appliances,2016-09,1220747584,1251402672,7462291664,7370483800,0,Broad proxy category. It includes domestic electrothermic appliances other than portable infrared saunas.
8516.79.0000,8516.79.0000,Other domestic electrothermic appliances,2016-10,1441909696,1418355472,8904201360,8788839272,0,Broad proxy category. It includes domestic electrothermic appliances other than portable infrared saunas.
8516.79.0000,8516.79.0000,Other domestic electrothermic appliances,2016-11,1172913640,1174000520,10077115000,9962839792,0,Broad proxy category. It includes domestic electrothermic appliances other than portable infrared saunas.
8516.79.0000,8516.79.0000,Other domestic electrothermic appliances,2016-12,925280792,910872384,11002395792,10873712176,0,Broad proxy category. It includes domestic electrothermic appliances other than portable infrared saunas.
8516.79.0000,8516.79.0000,Other domestic electrothermic appliances,2017-01,790169328,768600904,790169328,768600904,0,Broad proxy category. It includes domestic electrothermic appliances other than portable infrared saunas.
8516.79.0000,8516.79.0000,Other domestic electrothermic appliances,2017-02,675483368,662990936,1465652696,1431591840,0,Broad proxy category. It includes domestic electrothermic appliances other than portable infrared saunas.
8516.79.0000,8516.79.0000,Other domestic electrothermic appliances,2017-03,609221320,626871480,2074874016,2058463320,0,Broad proxy category. It includes domestic electrothermic appliances other than portable infrared saunas.
8516.79.0000,8516.79.0000,Other domestic electrothermic appliances,2017-04,690359352,677349640,2765233368,2735812960,0,Broad proxy category. It includes domestic electrothermic appliances other than portable infrared saunas.
8516.79.0000,8516.79.0000,Other domestic electrothermic appliances,2017-05,838160312,821161392,3603393680,3556974352,0,Broad proxy category. It includes domestic electrothermic appliances other than portable infrared saunas.
8516.79.0000,8516.79.0000,Other domestic electrothermic appliances,2017-06,870798160,881361824,4474191840,4438336176,0,Broad proxy category. It includes domestic electrothermic appliances other than portable infrared saunas.
8516.79.0000,8516.79.0000,Other domestic electrothermic appliances,2017-07,881562176,799274232,5355754016,5237610408,0,Broad proxy category. It includes domestic electrothermic appliances other than portable infrared saunas.
8516.79.0000,8516.79.0000,Other domestic electrothermic appliances,2017-08,1004859704,1006221056,6360613720,6243831464,0,Broad proxy category. It includes domestic electrothermic appliances other than portable infrared saunas.
8516.79.0000,8516.79.0000,Other domestic electrothermic appliances,2017-09,1250925296,1214672088,7611539016,7458503552,0,Broad proxy category. It includes domestic electrothermic appliances other than portable infrared saunas.
8516.79.0000,8516.79.0000,Other domestic electrothermic appliances,2017-10,1397350528,1443876832,9008889544,8902380384,0,Broad proxy category. It includes domestic electrothermic appliances other than portable infrared saunas.
8516.79.0000,8516.79.0000,Other domestic electrothermic appliances,2017-11,1167817296,1192998328,10176706840,10095378712,0,Broad proxy category. It includes domestic electrothermic appliances other than portable infrared saunas.
8516.79.0000,8516.79.0000,Other domestic electrothermic appliances,2017-12,942261472,1014530856,11118968312,11109909568,0,Broad proxy category. It includes domestic electrothermic appliances other than portable infrared saunas.
8516.79.0000,8516.79.0000,Other domestic electrothermic appliances,2018-01,921503968,929667728,921503968,929667728,0,Broad proxy category. It includes domestic electrothermic appliances other than portable infrared saunas.
8516.79.0000,8516.79.0000,Other domestic electrothermic appliances,2018-02,832694464,913449928,1754198432,1843117656,0,Broad proxy category. It includes domestic electrothermic appliances other than portable infrared saunas.
8516.79.0000,8516.79.0000,Other domestic electrothermic appliances,2018-03,585987952,598972832,2340186384,2442090488,0,Broad proxy category. It includes domestic electrothermic appliances other than portable infrared saunas.
8516.79.0000,8516.79.0000,Other domestic electrothermic appliances,2018-04,583847040,616419752,2924033424,3058510240,0,Broad proxy category. It includes domestic electrothermic appliances other than portable infrared saunas.
8516.79.0000,8516.79.0000,Other domestic electrothermic appliances,2018-05,851895480,876929992,3775928904,3935440232,0,Broad proxy category. It includes domestic electrothermic appliances other than portable infrared saunas.
8516.79.0000,8516.79.0000,Other domestic electrothermic appliances,2018-06,825964944,888274640,4601893848,4823714872,0,Broad proxy category. It includes domestic electrothermic appliances other than portable infrared saunas.
8516.79.0000,8516.79.0000,Other domestic electrothermic appliances,2018-07,1037639576,1095515216,5639533424,5919230088,0,Broad proxy category. It includes domestic electrothermic appliances other than portable infrared saunas.
8516.79.0000,8516.79.0000,Other domestic electrothermic appliances,2018-08,1040082920,1070867568,6679616344,6990097656,0,Broad proxy category. It includes domestic electrothermic appliances other than portable infrared saunas.
8516.79.0000,8516.79.0000,Other domestic electrothermic appliances,2018-09,1229688312,1308870768,7909304656,8298968424,0,Broad proxy category. It includes domestic electrothermic appliances other than portable infrared saunas.
8516.79.0000,8516.79.0000,Other domestic electrothermic appliances,2018-10,1756729112,1853417160,9666033768,10152385584,0,Broad proxy category. It includes domestic electrothermic appliances other than portable infrared saunas.
8516.79.0000,8516.79.0000,Other domestic electrothermic appliances,2018-11,1557114224,1674168576,11223147992,11826554160,0,Broad proxy category. It includes domestic electrothermic appliances other than portable infrared saunas.
8516.79.0000,8516.79.0000,Other domestic electrothermic appliances,2018-12,1275731056,1348338864,12498879048,13174893024,0,Broad proxy category. It includes domestic electrothermic appliances other than portable infrared saunas.
8516.79.0000,8516.79.0000,Other domestic electrothermic appliances,2019-01,1345288384,1371553992,1345288384,1371553992,0,Broad proxy category. It includes domestic electrothermic appliances other than portable infrared saunas.
8516.79.0000,8516.79.0000,Other domestic electrothermic appliances,2019-02,972384256,1002762648,2317672640,2374316640,0,Broad proxy category. It includes domestic electrothermic appliances other than portable infrared saunas.
8516.79.0000,8516.79.0000,Other domestic electrothermic appliances,2019-03,493024160,555419808,2810696800,2929736448,0,Broad proxy category. It includes domestic electrothermic appliances other than portable infrared saunas.
8516.79.0000,8516.79.0000,Other domestic electrothermic appliances,2019-04,775678072,786841888,3586374872,3716578336,0,Broad proxy category. It includes domestic electrothermic appliances other than portable infrared saunas.
8516.79.0000,8516.79.0000,Other domestic electrothermic appliances,2019-05,846126480,870028624,4432501352,4586606960,0,Broad proxy category. It includes domestic electrothermic appliances other than portable infrared saunas.
8516.79.0000,8516.79.0000,Other domestic electrothermic appliances,2019-06,992581600,1026319208,5425082952,5612926168,0,Broad proxy category. It includes domestic electrothermic appliances other than portable infrared saunas.
8516.79.0000,8516.79.0000,Other domestic electrothermic appliances,2019-07,1183595432,1214486896,6608678384,6827413064,0,Broad proxy category. It includes domestic electrothermic appliances other than portable infrared saunas.
8516.79.0000,8516.79.0000,Other domestic electrothermic appliances,2019-08,1587670008,1599336784,8196348392,8426749848,0,Broad proxy category. It includes domestic electrothermic appliances other than portable infrared saunas.
8516.79.0000,8516.79.0000,Other domestic electrothermic appliances,2019-09,1604696544,1716569432,9801044936,10143319280,0,Broad proxy category. It includes domestic electrothermic appliances other than portable infrared saunas.
8516.79.0000,8516.79.0000,Other domestic electrothermic appliances,2019-10,1806727600,1992239384,11607772536,12135558664,0,Broad proxy category. It includes domestic electrothermic appliances other than portable infrared saunas.
8516.79.0000,8516.79.0000,Other domestic electrothermic appliances,2019-11,1690348304,1818930136,13298120840,13954488800,0,Broad proxy category. It includes domestic electrothermic appliances other than portable infrared saunas.
8516.79.0000,8516.79.0000,Other domestic electrothermic appliances,2019-12,1140125696,1327849944,14438246536,15282338744,0,Broad proxy category. It includes domestic electrothermic appliances other than portable infrared saunas.
8516.79.0000,8516.79.0000,Other domestic electrothermic appliances,2020-01,819318408,819360152,819318408,819360152,0,Broad proxy category. It includes domestic electrothermic appliances other than portable infrared saunas.
8516.79.0000,8516.79.0000,Other domestic electrothermic appliances,2020-02,560390920,603856488,1379709328,1423216640,0,Broad proxy category. It includes domestic electrothermic appliances other than portable infrared saunas.
8516.79.0000,8516.79.0000,Other domestic electrothermic appliances,2020-03,355081344,392480768,1734790672,1815697408,0,Broad proxy category. It includes domestic electrothermic appliances other than portable infrared saunas.
8516.79.0000,8516.79.0000,Other domestic electrothermic appliances,2020-04,638195248,662591184,2372985920,2478288592,0,Broad proxy category. It includes domestic electrothermic appliances other than portable infrared saunas.
8516.79.0000,8516.79.0000,Other domestic electrothermic appliances,2020-05,745238488,785756216,3118224408,3264044808,0,Broad proxy category. It includes domestic electrothermic appliances other than portable infrared saunas.
8516.79.0000,8516.79.0000,Other domestic electrothermic appliances,2020-06,993956400,1027852872,4112180808,4291897680,0,Broad proxy category. It includes domestic electrothermic appliances other than portable infrared saunas.
8516.79.0000,8516.79.0000,Other domestic electrothermic appliances,2020-07,1286523704,1336690240,5398704512,5628587920,0,Broad proxy category. It includes domestic electrothermic appliances other than portable infrared saunas.
8516.79.0000,8516.79.0000,Other domestic electrothermic appliances,2020-08,1449168632,1506885808,6847873144,7135473728,0,Broad proxy category. It includes domestic electrothermic appliances other than portable infrared saunas.
8516.79.0000,8516.79.0000,Other domestic electrothermic appliances,2020-09,1733587552,1833521296,8581460696,8968995024,0,Broad proxy category. It includes domestic electrothermic appliances other than portable infrared saunas.
8516.79.0000,8516.79.0000,Other domestic electrothermic appliances,2020-10,1945707864,2023102832,10527168560,10992097856,0,Broad proxy category. It includes domestic electrothermic appliances other than portable infrared saunas.
8516.79.0000,8516.79.0000,Other domestic electrothermic appliances,2020-11,1827897192,1881750056,12355065752,12873847912,0,Broad proxy category. It includes domestic electrothermic appliances other than portable infrared saunas.
8516.79.0000,8516.79.0000,Other domestic electrothermic appliances,2020-12,1524978808,1603887936,13880044560,14477735848,0,Broad proxy category. It includes domestic electrothermic appliances other than portable infrared saunas.
8516.79.0000,8516.79.0000,Other domestic electrothermic appliances,2021-01,1364038744,1387324776,1364038744,1387324776,0,Broad proxy category. It includes domestic electrothermic appliances other than portable infrared saunas.
8516.79.0000,8516.79.0000,Other domestic electrothermic appliances,2021-02,1149163880,1185681048,2513202624,2573005824,0,Broad proxy category. It includes domestic electrothermic appliances other than portable infrared saunas.
8516.79.0000,8516.79.0000,Other domestic electrothermic appliances,2021-03,1283124480,1327033928,3796327104,3900039752,0,Broad proxy category. It includes domestic electrothermic appliances other than portable infrared saunas.
8516.79.0000,8516.79.0000,Other domestic electrothermic appliances,2021-04,1208050736,1243902440,5004377840,5143942192,0,Broad proxy category. It includes domestic electrothermic appliances other than portable infrared saunas.
8516.79.0000,8516.79.0000,Other domestic electrothermic appliances,2021-05,1373977456,1420373888,6378355296,6564316080,0,Broad proxy category. It includes domestic electrothermic appliances other than portable infrared saunas.
8516.79.0000,8516.79.0000,Other domestic electrothermic appliances,2021-06,1251370392,1289377744,7629725688,7853693824,0,Broad proxy category. It includes domestic electrothermic appliances other than portable infrared saunas.
8516.79.0000,8516.79.0000,Other domestic electrothermic appliances,2021-07,1421699080,1477489392,9051424768,9331183216,0,Broad proxy category. It includes domestic electrothermic appliances other than portable infrared saunas.
8516.79.0000,8516.79.0000,Other domestic electrothermic appliances,2021-08,1632702856,1673839160,10684127624,11005022376,0,Broad proxy category. It includes domestic electrothermic appliances other than portable infrared saunas.
8516.79.0000,8516.79.0000,Other domestic electrothermic appliances,2021-09,1904076560,1988715624,12588204184,12993738000,0,Broad proxy category. It includes domestic electrothermic appliances other than portable infrared saunas.
8516.79.0000,8516.79.0000,Other domestic electrothermic appliances,2021-10,1932002552,2056592576,14520206736,15050330576,0,Broad proxy category. It includes domestic electrothermic appliances other than portable infrared saunas.
8516.79.0000,8516.79.0000,Other domestic electrothermic appliances,2021-11,1846440088,1869593992,16366646824,16919924568,0,Broad proxy category. It includes domestic electrothermic appliances other than portable infrared saunas.
8516.79.0000,8516.79.0000,Other domestic electrothermic appliances,2021-12,1653081224,1641776776,18019728048,18561701344,0,Broad proxy category. It includes domestic electrothermic appliances other than portable infrared saunas.
8516.79.0000,8516.79.0000,Other domestic electrothermic appliances,2022-01,1482886328,1451357016,1482886328,1451357016,0,Broad proxy category. It includes domestic electrothermic appliances other than portable infrared saunas.
8516.79.0000,8516.79.0000,Other domestic electrothermic appliances,2022-02,1316186448,1291212872,2799072776,2742569888,0,Broad proxy category. It includes domestic electrothermic appliances other than portable infrared saunas.
8516.79.0000,8516.79.0000,Other domestic electrothermic appliances,2022-03,1421006128,1401715224,4220078904,4144285112,0,Broad proxy category. It includes domestic electrothermic appliances other than portable infrared saunas.
8516.79.0000,8516.79.0000,Other domestic electrothermic appliances,2022-04,1070424376,1133458624,5290503280,5277743736,0,Broad proxy category. It includes domestic electrothermic appliances other than portable infrared saunas.
8516.79.0000,8516.79.0000,Other domestic electrothermic appliances,2022-05,1382816472,1372524832,6673319752,6650268568,0,Broad proxy category. It includes domestic electrothermic appliances other than portable infrared saunas.
8516.79.0000,8516.79.0000,Other domestic electrothermic appliances,2022-06,1442062472,1431255592,8115382224,8081524160,0,Broad proxy category. It includes domestic electrothermic appliances other than portable infrared saunas.
8516.79.0000,8516.79.0000,Other domestic electrothermic appliances,2022-07,1417820464,1366545968,9533202688,9448070128,0,Broad proxy category. It includes domestic electrothermic appliances other than portable infrared saunas.
8516.79.0000,8516.79.0000,Other domestic electrothermic appliances,2022-08,1622837360,1610528616,11156040048,11058598744,0,Broad proxy category. It includes domestic electrothermic appliances other than portable infrared saunas.
8516.79.0000,8516.79.0000,Other domestic electrothermic appliances,2022-09,1637374384,1665526048,12793414432,12724124792,0,Broad proxy category. It includes domestic electrothermic appliances other than portable infrared saunas.
8516.79.0000,8516.79.0000,Other domestic electrothermic appliances,2022-10,1462379392,1494070880,14255793824,14218195672,0,Broad proxy category. It includes domestic electrothermic appliances other than portable infrared saunas.
8516.79.0000,8516.79.0000,Other domestic electrothermic appliances,2022-11,1241004672,1289061904,15496798496,15507257576,0,Broad proxy category. It includes domestic electrothermic appliances other than portable infrared saunas.
8516.79.0000,8516.79.0000,Other domestic electrothermic appliances,2022-12,995145792,1049726240,16491944288,16556983816,0,Broad proxy category. It includes domestic electrothermic appliances other than portable infrared saunas.
8516.79.0000,8516.79.0000,Other domestic electrothermic appliances,2023-01,1109969024,1095085832,1109969024,1095085832,0,Broad proxy category. It includes domestic electrothermic appliances other than portable infrared saunas.
8516.79.0000,8516.79.0000,Other domestic electrothermic appliances,2023-02,942930376,939861640,2052899400,2034947472,0,Broad proxy category. It includes domestic electrothermic appliances other than portable infrared saunas.
8516.79.0000,8516.79.0000,Other domestic electrothermic appliances,2023-03,867555296,869138504,2920454696,2904085976,0,Broad proxy category. It includes domestic electrothermic appliances other than portable infrared saunas.
8516.79.0000,8516.79.0000,Other domestic electrothermic appliances,2023-04,1081055824,1087652952,4001510520,3991738928,0,Broad proxy category. It includes domestic electrothermic appliances other than portable infrared saunas.
8516.79.0000,8516.79.0000,Other domestic electrothermic appliances,2023-05,1190084864,1168805208,5191595384,5160544136,0,Broad proxy category. It includes domestic electrothermic appliances other than portable infrared saunas.
8516.79.0000,8516.79.0000,Other domestic electrothermic appliances,2023-06,1199763272,1194194504,6391358656,6354738640,0,Broad proxy category. It includes domestic electrothermic appliances other than portable infrared saunas.
8516.79.0000,8516.79.0000,Other domestic electrothermic appliances,2023-07,1187341200,1165849080,7578699856,7520587720,0,Broad proxy category. It includes domestic electrothermic appliances other than portable infrared saunas.
8516.79.0000,8516.79.0000,Other domestic electrothermic appliances,2023-08,1430168168,1394260888,9008868024,8914848608,0,Broad proxy category. It includes domestic electrothermic appliances other than portable infrared saunas.
8516.79.0000,8516.79.0000,Other domestic electrothermic appliances,2023-09,1633361912,1639696016,10642229936,10554544624,0,Broad proxy category. It includes domestic electrothermic appliances other than portable infrared saunas.
8516.79.0000,8516.79.0000,Other domestic electrothermic appliances,2023-10,1825708072,1858049520,12467938008,12412594144,0,Broad proxy category. It includes domestic electrothermic appliances other than portable infrared saunas.
8516.79.0000,8516.79.0000,Other domestic electrothermic appliances,2023-11,1594050176,1604122104,14061988184,14016716248,0,Broad proxy category. It includes domestic electrothermic appliances other than portable infrared saunas.
8516.79.0000,8516.79.0000,Other domestic electrothermic appliances,2023-12,1450944232,1446014016,15512932416,15462730264,0,Broad proxy category. It includes domestic electrothermic appliances other than portable infrared saunas.
8516.79.0000,8516.79.0000,Other domestic electrothermic appliances,2024-01,1522992056,1521366904,1522992056,1521366904,0,Broad proxy category. It includes domestic electrothermic appliances other than portable infrared saunas.
8516.79.0000,8516.79.0000,Other domestic electrothermic appliances,2024-02,1288259680,1291325536,2811251736,2812692440,0,Broad proxy category. It includes domestic electrothermic appliances other than portable infrared saunas.
8516.79.0000,8516.79.0000,Other domestic electrothermic appliances,2024-03,1016621808,1011779408,3827873544,3824471848,0,Broad proxy category. It includes domestic electrothermic appliances other than portable infrared saunas.
8516.79.0000,8516.79.0000,Other domestic electrothermic appliances,2024-04,1191140752,1168027544,5019014296,4992499392,0,Broad proxy category. It includes domestic electrothermic appliances other than portable infrared saunas.
8516.79.0000,8516.79.0000,Other domestic electrothermic appliances,2024-05,1335272336,1322722608,6354286632,6315222000,0,Broad proxy category. It includes domestic electrothermic appliances other than portable infrared saunas.
8516.79.0000,8516.79.0000,Other domestic electrothermic appliances,2024-06,1413595192,1396188568,7767881824,7711410568,0,Broad proxy category. It includes domestic electrothermic appliances other than portable infrared saunas.
8516.79.0000,8516.79.0000,Other domestic electrothermic appliances,2024-07,1615214624,1614184136,9383096448,9325594704,0,Broad proxy category. It includes domestic electrothermic appliances other than portable infrared saunas.
8516.79.0000,8516.79.0000,Other domestic electrothermic appliances,2024-08,1819438552,1823169888,11202535000,11148764592,0,Broad proxy category. It includes domestic electrothermic appliances other than portable infrared saunas.
8516.79.0000,8516.79.0000,Other domestic electrothermic appliances,2024-09,2128637688,2122379344,13331172688,13271143936,0,Broad proxy category. It includes domestic electrothermic appliances other than portable infrared saunas.
8516.79.0000,8516.79.0000,Other domestic electrothermic appliances,2024-10,2040858200,2037900472,15372030888,15309044408,0,Broad proxy category. It includes domestic electrothermic appliances other than portable infrared saunas.
8516.79.0000,8516.79.0000,Other domestic electrothermic appliances,2024-11,1929577744,1939581088,17301608632,17248625496,0,Broad proxy category. It includes domestic electrothermic appliances other than portable infrared saunas.
8516.79.0000,8516.79.0000,Other domestic electrothermic appliances,2024-12,1550786392,1542712488,18852395024,18791337984,0,Broad proxy category. It includes domestic electrothermic appliances other than portable infrared saunas.
8516.79.0000,8516.79.0000,Other domestic electrothermic appliances,2025-01,1596986280,1586858392,1596986280,1586858392,0,Broad proxy category. It includes domestic electrothermic appliances other than portable infrared saunas.
8516.79.0000,8516.79.0000,Other domestic electrothermic appliances,2025-02,1385220656,1404524792,2982206936,2991383184,0,Broad proxy category. It includes domestic electrothermic appliances other than portable infrared saunas.
8516.79.0000,8516.79.0000,Other domestic electrothermic appliances,2025-03,1159223208,1170697176,4141430144,4162080360,0,Broad proxy category. It includes domestic electrothermic appliances other than portable infrared saunas.
8516.79.0000,8516.79.0000,Other domestic electrothermic appliances,2025-04,1134391512,1142477376,5275821656,5304557736,0,Broad proxy category. It includes domestic electrothermic appliances other than portable infrared saunas.
8516.79.0000,8516.79.0000,Other domestic electrothermic appliances,2025-05,789795432,802654808,6065617088,6107212544,0,Broad proxy category. It includes domestic electrothermic appliances other than portable infrared saunas.
8516.79.0000,8516.79.0000,Other domestic electrothermic appliances,2025-06,851106408,865405064,6916723496,6972617608,0,Broad proxy category. It includes domestic electrothermic appliances other than portable infrared saunas.
8516.79.0000,8516.79.0000,Other domestic electrothermic appliances,2025-07,1333725120,1275306440,8250448616,8247924048,0,Broad proxy category. It includes domestic electrothermic appliances other than portable infrared saunas.
8516.79.0000,8516.79.0000,Other domestic electrothermic appliances,2025-08,1366200104,1328679584,9616648720,9576603632,0,Broad proxy category. It includes domestic electrothermic appliances other than portable infrared saunas.
8516.79.0000,8516.79.0000,Other domestic electrothermic appliances,2025-09,1394614992,1396172648,11011263712,10972776280,0,Broad proxy category. It includes domestic electrothermic appliances other than portable infrared saunas.
8516.79.0000,8516.79.0000,Other domestic electrothermic appliances,2025-10,1693256568,1711906144,12704520280,12684682424,0,Broad proxy category. It includes domestic electrothermic appliances other than portable infrared saunas.
8516.79.0000,8516.79.0000,Other domestic electrothermic appliances,2025-11,1384385144,1405219208,14088905424,14089901632,0,Broad proxy category. It includes domestic electrothermic appliances other than portable infrared saunas.
8516.79.0000,8516.79.0000,Other domestic electrothermic appliances,2025-12,1192084816,1193568560,15280990240,15283470192,0,Broad proxy category. It includes domestic electrothermic appliances other than portable infrared saunas.
8516.79.0000,8516.79.0000,Other domestic electrothermic appliances,2026-01,1262291760,1242002400,1262291760,1242002400,0,Broad proxy category. It includes domestic electrothermic appliances other than portable infrared saunas.
8516.79.0000,8516.79.0000,Other domestic electrothermic appliances,2026-02,1134985880,1112624944,2397277640,2354627344,0,Broad proxy category. It includes domestic electrothermic appliances other than portable infrared saunas.
8516.79.0000,8516.79.0000,Other domestic electrothermic appliances,2026-03,1000688776,982962832,3397966416,3337590176,0,Broad proxy category. It includes domestic electrothermic appliances other than portable infrared saunas.
8516.79.0000,8516.79.0000,Other domestic electrothermic appliances,2026-04,887370688,880177320,4285337104,4217767496,0,Broad proxy category. It includes domestic electrothermic appliances other than portable infrared saunas.
8516.79.0000,8516.79.0000,Other domestic electrothermic appliances,2026-05,1171345528,1168125040,5456682632,5385892536,0,Broad proxy category. It includes domestic electrothermic appliances other than portable infrared saunas.
8516.79.0000,8516.79.0000,Other domestic electrothermic appliances,2026-06,1238512304,1287779456,6695194936,6673671992,0,Broad proxy category. It includes domestic electrothermic appliances other than portable infrared saunas.
8516.79.0000,8516.79.0000,Other domestic electrothermic appliances,2026-07,1431734720,1439933032,8126929656,8113605024,0,Broad proxy category. It includes domestic electrothermic appliances other than portable infrared saunas.
